user_genome	classification	closest_genome_reference	closest_genome_reference_radius	closest_genome_taxonomy	closest_genome_ani	closest_genome_af	closest_placement_reference	closest_placement_radius	closest_placement_taxonomy	closest_placement_ani	closest_placement_af	pplacer_taxonomy	classification_method	note	other_related_references(genome_id,species_name,radius,ANI,AF)	msa_percent	translation_table	red_value	warnings
SemiBin_S1_SemiBin_0	d__Bacteria;p__Bacillota_B;c__Moorellia;o__DTU086;f__DTU086;g__DTU086;s__	N/A	N/A	N/A	N/A	N/A	N/A	N/A	N/A	N/A	N/A	d__Bacteria;p__Bacillota_B;c__Moorellia;o__DTU086;f__DTU086;g__DTU086;s__	taxonomic novelty determined using RED	classification based on placement in class-level tree	N/A	96.31	11	0.86061	N/A
SemiBin_S1_SemiBin_1	d__Bacteria;p__Bacteroidota;c__Bacteroidia;o__Bacteroidales;f__TTA-H9;g__TTA-H9;s__TTA-H9 sp002071415	GCA_002071415.1	95.0	d__Bacteria;p__Bacteroidota;c__Bacteroidia;o__Bacteroidales;f__TTA-H9;g__TTA-H9;s__TTA-H9 sp002071415	99.7	0.929	GCA_002071415.1	95.0	d__Bacteria;p__Bacteroidota;c__Bacteroidia;o__Bacteroidales;f__TTA-H9;g__TTA-H9;s__TTA-H9 sp002071415	99.7	0.929	d__Bacteria;p__Bacteroidota;c__Bacteroidia;o__Bacteroidales;f__TTA-H9;g__TTA-H9;s__	taxonomic classification defined by topology and ANI	topological placement and ANI have congruent species assignments	GCA_002418865.1, s__TTA-H9 sp002418865, 95.0, 80.87, 0.222	96.29	11	N/A	N/A
SemiBin_S1_SemiBin_10	d__Bacteria;p__Chloroflexota;c__Anaerolineae;o__Anaerolineales;f__Anaerolineaceae;g__T78;s__T78 sp029556265	GCA_029556265.1	95.0	d__Bacteria;p__Chloroflexota;c__Anaerolineae;o__Anaerolineales;f__Anaerolineaceae;g__T78;s__T78 sp029556265	99.76	0.787	GCA_029556265.1	95.0	d__Bacteria;p__Chloroflexota;c__Anaerolineae;o__Anaerolineales;f__Anaerolineaceae;g__T78;s__T78 sp029556265	99.76	0.787	d__Bacteria;p__Chloroflexota;c__Anaerolineae;o__Anaerolineales;f__Anaerolineaceae;g__T78;s__	taxonomic classification defined by topology and ANI	topological placement and ANI have congruent species assignments	GCA_002436085.1, s__T78 sp002436085, 95.0, 80.28, 0.186	86.34	11	N/A	N/A
SemiBin_S1_SemiBin_12	d__Bacteria;p__Synergistota;c__Synergistia;o__Synergistales;f__Aminobacteriaceae;g__CALCQG01;s__	N/A	N/A	N/A	N/A	N/A	N/A	N/A	N/A	N/A	N/A	d__Bacteria;p__Synergistota;c__Synergistia;o__Synergistales;f__Aminobacteriaceae;g__CALCQG01;s__	taxonomic novelty determined using RED	classification based on placement in class-level tree	N/A	84.97	11	0.88759	N/A
SemiBin_S1_SemiBin_2	d__Bacteria;p__Bacteroidota;c__Bacteroidia;o__Bacteroidales;f__4484-276;g__RZYY01;s__RZYY01 sp012516825	GCA_012516825.1	95.0	d__Bacteria;p__Bacteroidota;c__Bacteroidia;o__Bacteroidales;f__4484-276;g__RZYY01;s__RZYY01 sp012516825	99.3	0.952	GCA_012516825.1	95.0	d__Bacteria;p__Bacteroidota;c__Bacteroidia;o__Bacteroidales;f__4484-276;g__RZYY01;s__RZYY01 sp012516825	99.3	0.952	d__Bacteria;p__Bacteroidota;c__Bacteroidia;o__Bacteroidales;f__4484-276;g__RZYY01;s__	taxonomic classification defined by topology and ANI	topological placement and ANI have congruent species assignments	N/A	95.83	11	N/A	N/A
SemiBin_S1_SemiBin_20	d__Bacteria;p__Patescibacteria;c__Microgenomatia;o__UBA1400;f__UBA1396;g__UBA1396;s__UBA1396 sp002305195	GCA_002305195.1	95.0	d__Bacteria;p__Patescibacteria;c__Microgenomatia;o__UBA1400;f__UBA1396;g__UBA1396;s__UBA1396 sp002305195	97.71	0.922	GCA_002305195.1	95.0	d__Bacteria;p__Patescibacteria;c__Microgenomatia;o__UBA1400;f__UBA1396;g__UBA1396;s__UBA1396 sp002305195	97.71	0.922	d__Bacteria;p__Patescibacteria;c__Microgenomatia;o__UBA1400;f__UBA1396;g__;s__	taxonomic classification defined by topology and ANI	topological placement and ANI have congruent species assignments	N/A	71.1	11	N/A	N/A
SemiBin_S1_SemiBin_24	d__Bacteria;p__Patescibacteria;c__Dojkabacteria;o__SC72;f__SC72;g__UBA5232;s__	N/A	N/A	N/A	N/A	N/A	N/A	N/A	N/A	N/A	N/A	d__Bacteria;p__Patescibacteria;c__Dojkabacteria;o__SC72;f__SC72;g__UBA5232;s__	taxonomic classification fully defined by topology	classification based on placement in class-level tree	N/A	71.66	11	0.91201	N/A
SemiBin_S1_SemiBin_25	d__Bacteria;p__Patescibacteria;c__Dojkabacteria;o__SC72;f__SC72;g__UBA5209;s__	N/A	N/A	N/A	N/A	N/A	GCA_002840365.1	95.0	d__Bacteria;p__Patescibacteria;c__Dojkabacteria;o__SC72;f__SC72;g__UBA5209;s__UBA5209 sp002840365	87.22	0.722	d__Bacteria;p__Patescibacteria;c__Dojkabacteria;o__SC72;f__SC72;g__UBA5209;s__	taxonomic classification defined by topology and ANI	classification based on placement in class-level tree	N/A	71.98	11	0.97787	Genome not assigned to closest species as it falls outside its pre-defined ANI radius
SemiBin_S1_SemiBin_3	d__Bacteria;p__Bacillota_B;c__Peptococcia;o__DRI-13;f__DRI-13;g__;s__	N/A	N/A	N/A	N/A	N/A	N/A	N/A	N/A	N/A	N/A	d__Bacteria;p__Bacillota_B;c__Peptococcia;o__DRI-13;f__DRI-13;g__;s__	taxonomic novelty determined using RED	classification based on placement in class-level tree	N/A	95.69	11	0.75649	N/A
SemiBin_S1_SemiBin_4	d__Bacteria;p__Bacteroidota;c__Bacteroidia;o__Bacteroidales;f__VadinHA17;g__LD21;s__	N/A	N/A	N/A	N/A	N/A	N/A	N/A	N/A	N/A	N/A	d__Bacteria;p__Bacteroidota;c__Bacteroidia;o__Bacteroidales;f__VadinHA17;g__LD21;s__	taxonomic classification fully defined by topology	classification based on placement in class-level tree	N/A	96.17	11	0.97087	N/A
SemiBin_S1_SemiBin_5	d__Bacteria;p__Bacillota_A;c__Clostridia;o__Oscillospirales;f__CAG-272;g__JAAZGC01;s__JAAZGC01 sp012841635	GCA_012841635.1	95.0	d__Bacteria;p__Bacillota_A;c__Clostridia;o__Oscillospirales;f__CAG-272;g__JAAZGC01;s__JAAZGC01 sp012841635	99.91	0.986	GCA_012841635.1	95.0	d__Bacteria;p__Bacillota_A;c__Clostridia;o__Oscillospirales;f__CAG-272;g__JAAZGC01;s__JAAZGC01 sp012841635	99.91	0.986	d__Bacteria;p__Bacillota_A;c__Clostridia;o__Oscillospirales;f__CAG-272;g__JAAZGC01;s__	taxonomic classification defined by topology and ANI	topological placement and ANI have congruent species assignments	GCA_012511425.1, s__JAAZGC01 sp012511425, 95.0, 89.82, 0.748; GCA_012800735.1, s__JAAZGC01 sp012800735, 95.0, 89.71, 0.72	93.92	11	N/A	N/A
SemiBin_S1_SemiBin_6	d__Bacteria;p__Bacteroidota;c__Bacteroidia;o__Bacteroidales;f__4484-276;g__RZYY01;s__RZYY01 sp012516825	GCA_012516825.1	95.0	d__Bacteria;p__Bacteroidota;c__Bacteroidia;o__Bacteroidales;f__4484-276;g__RZYY01;s__RZYY01 sp012516825	99.56	0.943	GCA_012516825.1	95.0	d__Bacteria;p__Bacteroidota;c__Bacteroidia;o__Bacteroidales;f__4484-276;g__RZYY01;s__RZYY01 sp012516825	99.56	0.943	d__Bacteria;p__Bacteroidota;c__Bacteroidia;o__Bacteroidales;f__4484-276;g__RZYY01;s__	taxonomic classification defined by topology and ANI	topological placement and ANI have congruent species assignments	N/A	94.94	11	N/A	N/A
SemiBin_S1_SemiBin_7	d__Bacteria;p__Bacteroidota;c__Bacteroidia;o__Bacteroidales;f__4484-276;g__RZYY01;s__RZYY01 sp012516825	GCA_012516825.1	95.0	d__Bacteria;p__Bacteroidota;c__Bacteroidia;o__Bacteroidales;f__4484-276;g__RZYY01;s__RZYY01 sp012516825	99.32	0.938	GCA_012516825.1	95.0	d__Bacteria;p__Bacteroidota;c__Bacteroidia;o__Bacteroidales;f__4484-276;g__RZYY01;s__RZYY01 sp012516825	99.32	0.938	d__Bacteria;p__Bacteroidota;c__Bacteroidia;o__Bacteroidales;f__4484-276;g__RZYY01;s__	taxonomic classification defined by topology and ANI	topological placement and ANI have congruent species assignments	N/A	92.81	11	N/A	N/A
SemiBin_S1_SemiBin_8	d__Bacteria;p__Chloroflexota;c__Anaerolineae;o__Anaerolineales;f__Anaerolineaceae;g__T78;s__T78 sp029556265	GCA_029556265.1	95.0	d__Bacteria;p__Chloroflexota;c__Anaerolineae;o__Anaerolineales;f__Anaerolineaceae;g__T78;s__T78 sp029556265	97.57	0.794	GCA_029556265.1	95.0	d__Bacteria;p__Chloroflexota;c__Anaerolineae;o__Anaerolineales;f__Anaerolineaceae;g__T78;s__T78 sp029556265	97.57	0.794	d__Bacteria;p__Chloroflexota;c__Anaerolineae;o__Anaerolineales;f__Anaerolineaceae;g__T78;s__	taxonomic classification defined by topology and ANI	topological placement and ANI have congruent species assignments	GCA_002436085.1, s__T78 sp002436085, 95.0, 79.68, 0.202	88.88	11	N/A	N/A
SemiBin_S1_SemiBin_9	d__Bacteria;p__Cloacimonadota;c__Cloacimonadia;o__Cloacimonadales;f__Cloacimonadaceae;g__UBA3900;s__UBA3900 sp029781115	GCA_029781115.1	95.0	d__Bacteria;p__Cloacimonadota;c__Cloacimonadia;o__Cloacimonadales;f__Cloacimonadaceae;g__UBA3900;s__UBA3900 sp029781115	97.61	0.891	GCA_029781115.1	95.0	d__Bacteria;p__Cloacimonadota;c__Cloacimonadia;o__Cloacimonadales;f__Cloacimonadaceae;g__UBA3900;s__UBA3900 sp029781115	97.61	0.891	d__Bacteria;p__Cloacimonadota;c__Cloacimonadia;o__Cloacimonadales;f__Cloacimonadaceae;g__UBA3900;s__	taxonomic classification defined by topology and ANI	topological placement and ANI have congruent species assignments	GCA_029561955.1, s__UBA3900 sp029561955, 95.0, 84.67, 0.476; GCA_002391675.1, s__UBA3900 sp002391675, 95.0, 84.64, 0.464	89.24	11	N/A	N/A
SemiBin_S2_SemiBin_0	d__Bacteria;p__Bacteroidota;c__Bacteroidia;o__Bacteroidales;f__Prolixibacteraceae;g__UBA1413;s__UBA1413 sp002304925	GCA_002304925.1	95.0	d__Bacteria;p__Bacteroidota;c__Bacteroidia;o__Bacteroidales;f__Prolixibacteraceae;g__UBA1413;s__UBA1413 sp002304925	99.66	0.987	GCA_002304925.1	95.0	d__Bacteria;p__Bacteroidota;c__Bacteroidia;o__Bacteroidales;f__Prolixibacteraceae;g__UBA1413;s__UBA1413 sp002304925	99.66	0.987	d__Bacteria;p__Bacteroidota;c__Bacteroidia;o__Bacteroidales;f__Prolixibacteraceae;g__UBA1413;s__	taxonomic classification defined by topology and ANI	topological placement and ANI have congruent species assignments	N/A	95.87	11	N/A	N/A
SemiBin_S2_SemiBin_1	d__Bacteria;p__Bacillota_A;c__Clostridia;o__Oscillospirales;f__CAG-272;g__JAAZGC01;s__JAAZGC01 sp012841635	GCA_012841635.1	95.0	d__Bacteria;p__Bacillota_A;c__Clostridia;o__Oscillospirales;f__CAG-272;g__JAAZGC01;s__JAAZGC01 sp012841635	99.92	0.986	GCA_012841635.1	95.0	d__Bacteria;p__Bacillota_A;c__Clostridia;o__Oscillospirales;f__CAG-272;g__JAAZGC01;s__JAAZGC01 sp012841635	99.92	0.986	d__Bacteria;p__Bacillota_A;c__Clostridia;o__Oscillospirales;f__CAG-272;g__JAAZGC01;s__	taxonomic classification defined by topology and ANI	topological placement and ANI have congruent species assignments	GCA_012511425.1, s__JAAZGC01 sp012511425, 95.0, 89.82, 0.748; GCA_012800735.1, s__JAAZGC01 sp012800735, 95.0, 89.71, 0.72	93.92	11	N/A	N/A
SemiBin_S2_SemiBin_11	d__Bacteria;p__Armatimonadota;c__UBA5377;o__UBA1398;f__UBA1398;g__UBA1398;s__UBA1398 sp002305165	GCA_002305165.1	95.0	d__Bacteria;p__Armatimonadota;c__UBA5377;o__UBA1398;f__UBA1398;g__UBA1398;s__UBA1398 sp002305165	98.96	0.944	GCA_002305165.1	95.0	d__Bacteria;p__Armatimonadota;c__UBA5377;o__UBA1398;f__UBA1398;g__UBA1398;s__UBA1398 sp002305165	98.96	0.944	d__Bacteria;p__Armatimonadota;c__UBA5377;o__UBA1398;f__UBA1398;g__UBA1398;s__	taxonomic classification defined by topology and ANI	topological placement and ANI have congruent species assignments	N/A	86.16	11	N/A	N/A
SemiBin_S2_SemiBin_17	d__Bacteria;p__Patescibacteria;c__Paceibacteria;o__Paceibacterales;f__UBA1441;g__UBA1441;s__UBA1441 sp002329255	GCA_002329255.1	95.0	d__Bacteria;p__Patescibacteria;c__Paceibacteria;o__Paceibacterales;f__UBA1441;g__UBA1441;s__UBA1441 sp002329255	98.59	0.956	GCA_002329255.1	95.0	d__Bacteria;p__Patescibacteria;c__Paceibacteria;o__Paceibacterales;f__UBA1441;g__UBA1441;s__UBA1441 sp002329255	98.59	0.956	d__Bacteria;p__Patescibacteria;c__Paceibacteria;o__Paceibacterales;f__UBA1441;g__UBA1441;s__	taxonomic classification defined by topology and ANI	topological placement and ANI have congruent species assignments	N/A	61.05	11	N/A	N/A
SemiBin_S2_SemiBin_18	d__Bacteria;p__Patescibacteria;c__Microgenomatia;o__UBA1400;f__UBA1396;g__UBA1396;s__UBA1396 sp002305195	GCA_002305195.1	95.0	d__Bacteria;p__Patescibacteria;c__Microgenomatia;o__UBA1400;f__UBA1396;g__UBA1396;s__UBA1396 sp002305195	97.31	0.878	GCA_002305195.1	95.0	d__Bacteria;p__Patescibacteria;c__Microgenomatia;o__UBA1400;f__UBA1396;g__UBA1396;s__UBA1396 sp002305195	97.31	0.878	d__Bacteria;p__Patescibacteria;c__Microgenomatia;o__UBA1400;f__UBA1396;g__;s__	taxonomic classification defined by topology and ANI	topological placement and ANI have congruent species assignments	N/A	66.77	11	N/A	N/A
SemiBin_S2_SemiBin_2	d__Bacteria;p__Bacteroidota;c__Bacteroidia;o__Bacteroidales;f__Dysgonomonadaceae;g__Proteiniphilum;s__	N/A	N/A	N/A	N/A	N/A	N/A	N/A	N/A	N/A	N/A	d__Bacteria;p__Bacteroidota;c__Bacteroidia;o__Bacteroidales;f__Dysgonomonadaceae;g__Proteiniphilum;s__	taxonomic classification defined by topology and ANI	classification based on placement in class-level tree	GCA_012839475.1, s__Proteiniphilum sp012839475, 95.0, 87.7, 0.447; GCA_012838585.1, s__Proteiniphilum sp012838585, 95.0, 86.89, 0.411; GCA_023622765.1, s__Proteiniphilum sp019136875, 95.0, 86.51, 0.417	97.7	11	0.99178	N/A
SemiBin_S2_SemiBin_26	d__Bacteria;p__Patescibacteria;c__Microgenomatia;o__UBA1400;f__PJMF01;g__UBA1370;s__UBA1370 sp002306315	GCA_002306315.1	95.0	d__Bacteria;p__Patescibacteria;c__Microgenomatia;o__UBA1400;f__PJMF01;g__UBA1370;s__UBA1370 sp002306315	98.76	0.82	GCA_002306315.1	95.0	d__Bacteria;p__Patescibacteria;c__Microgenomatia;o__UBA1400;f__PJMF01;g__UBA1370;s__UBA1370 sp002306315	98.76	0.82	d__Bacteria;p__Patescibacteria;c__Microgenomatia;o__UBA1400;f__PJMF01;g__;s__	taxonomic classification defined by topology and ANI	topological placement and ANI have congruent species assignments	N/A	62.22	11	N/A	N/A
SemiBin_S2_SemiBin_3	d__Bacteria;p__Bacillota_A;c__Thermosediminibacteria;o__Thermosediminibacterales;f__Tepidanaerobacteraceae;g__DUNY01;s__	N/A	N/A	N/A	N/A	N/A	N/A	N/A	N/A	N/A	N/A	d__Bacteria;p__Bacillota_A;c__Thermosediminibacteria;o__Thermosediminibacterales;f__Tepidanaerobacteraceae;g__DUNY01;s__	taxonomic classification fully defined by topology	classification based on placement in class-level tree	N/A	93.13	11	0.93741	N/A
SemiBin_S2_SemiBin_6	d__Bacteria;p__Bacillota_A;c__Clostridia;o__Oscillospirales;f__Acutalibacteraceae;g__RGIG2893;s__RGIG2893 sp012839185	GCA_012839185.1	95.0	d__Bacteria;p__Bacillota_A;c__Clostridia;o__Oscillospirales;f__Acutalibacteraceae;g__RGIG2893;s__RGIG2893 sp012839185	97.61	0.93	GCA_012839185.1	95.0	d__Bacteria;p__Bacillota_A;c__Clostridia;o__Oscillospirales;f__Acutalibacteraceae;g__RGIG2893;s__RGIG2893 sp012839185	97.61	0.93	d__Bacteria;p__Bacillota_A;c__Clostridia;o__Oscillospirales;f__Acutalibacteraceae;g__RGIG2893;s__	taxonomic classification defined by topology and ANI	topological placement and ANI have congruent species assignments	N/A	95.19	11	N/A	N/A
SemiBin_S2_SemiBin_9	d__Bacteria;p__Acidobacteriota;c__UBA6911;o__UBA6911;f__UBA6911;g__JAAYAM01;s__	N/A	N/A	N/A	N/A	N/A	N/A	N/A	N/A	N/A	N/A	d__Bacteria;p__Acidobacteriota;c__UBA6911;o__UBA6911;f__UBA6911;g__JAAYAM01;s__	taxonomic classification fully defined by topology	classification based on placement in class-level tree	N/A	81.85	11	0.89675	N/A
SemiBin_S3_SemiBin_0	d__Bacteria;p__Bacillota_I;c__Bacilli_A;o__RFN20;f__CAG-826;g__JAQWCH01;s__	N/A	N/A	N/A	N/A	N/A	N/A	N/A	N/A	N/A	N/A	d__Bacteria;p__Bacillota_I;c__Bacilli_A;o__RFN20;f__CAG-826;g__JAQWCH01;s__	taxonomic novelty determined using RED	classification based on placement in class-level tree	N/A	89.61	11	0.91017	N/A
SemiBin_S3_SemiBin_1	d__Bacteria;p__Bacteroidota;c__Bacteroidia;o__Bacteroidales;f__UBA932;g__DMER64;s__	N/A	N/A	N/A	N/A	N/A	GCA_012839605.1	95.0	d__Bacteria;p__Bacteroidota;c__Bacteroidia;o__Bacteroidales;f__UBA932;g__DMER64;s__DMER64 sp012839605	81.69	0.338	d__Bacteria;p__Bacteroidota;c__Bacteroidia;o__Bacteroidales;f__UBA932;g__DMER64;s__	taxonomic classification defined by topology and ANI	classification based on placement in class-level tree	N/A	94.32	11	0.97925	N/A
SemiBin_S3_SemiBin_2	d__Bacteria;p__Bacillota_B;c__Syntrophomonadia;o__Syntrophomonadales;f__Syntrophomonadaceae;g__DTU018;s__DTU018 sp003444615	GCA_003444615.1	95.0	d__Bacteria;p__Bacillota_B;c__Syntrophomonadia;o__Syntrophomonadales;f__Syntrophomonadaceae;g__DTU018;s__DTU018 sp003444615	98.99	0.895	GCA_003444615.1	95.0	d__Bacteria;p__Bacillota_B;c__Syntrophomonadia;o__Syntrophomonadales;f__Syntrophomonadaceae;g__DTU018;s__DTU018 sp003444615	98.99	0.895	d__Bacteria;p__Bacillota_B;c__Syntrophomonadia;o__Syntrophomonadales;f__Syntrophomonadaceae;g__DTU018;s__	taxonomic classification defined by topology and ANI	topological placement and ANI have congruent species assignments	N/A	95.01	11	N/A	N/A
SemiBin_S3_SemiBin_3	d__Bacteria;p__Chloroflexota;c__Anaerolineae;o__Anaerolineales;f__Anaerolineaceae;g__Flexilinea;s__Flexilinea sp012799995	GCA_012799995.1	95.0	d__Bacteria;p__Chloroflexota;c__Anaerolineae;o__Anaerolineales;f__Anaerolineaceae;g__Flexilinea;s__Flexilinea sp012799995	97.39	0.906	GCA_012799995.1	95.0	d__Bacteria;p__Chloroflexota;c__Anaerolineae;o__Anaerolineales;f__Anaerolineaceae;g__Flexilinea;s__Flexilinea sp012799995	97.39	0.906	d__Bacteria;p__Chloroflexota;c__Anaerolineae;o__Anaerolineales;f__Anaerolineaceae;g__Flexilinea;s__	taxonomic classification defined by topology and ANI	topological placement and ANI have congruent species assignments	N/A	93.17	11	N/A	N/A
SemiBin_S3_SemiBin_4	d__Bacteria;p__Chloroflexota;c__Anaerolineae;o__Anaerolineales;f__Anaerolineaceae;g__T78;s__	N/A	N/A	N/A	N/A	N/A	GCA_002417685.1	95.0	d__Bacteria;p__Chloroflexota;c__Anaerolineae;o__Anaerolineales;f__Anaerolineaceae;g__T78;s__T78 sp002417685	94.33	0.794	d__Bacteria;p__Chloroflexota;c__Anaerolineae;o__Anaerolineales;f__Anaerolineaceae;g__T78;s__	taxonomic classification defined by topology and ANI	classification based on placement in class-level tree	GCA_003499715.1, s__T78 sp003499715, 95.0, 89.79, 0.624; GCA_003445715.1, s__T78 sp003445715, 95.0, 87.94, 0.578	88.32	11	0.99617	Genome not assigned to closest species as it falls outside its pre-defined ANI radius
SemiBin_S3_SemiBin_5	d__Bacteria;p__Cloacimonadota;c__Cloacimonadia;o__Cloacimonadales;f__Cloacimonadaceae;g__Syntrophosphaera;s__Syntrophosphaera sp002070045	GCA_002070045.1	95.0	d__Bacteria;p__Cloacimonadota;c__Cloacimonadia;o__Cloacimonadales;f__Cloacimonadaceae;g__Syntrophosphaera;s__Syntrophosphaera sp002070045	98.45	0.775	GCA_002070045.1	95.0	d__Bacteria;p__Cloacimonadota;c__Cloacimonadia;o__Cloacimonadales;f__Cloacimonadaceae;g__Syntrophosphaera;s__Syntrophosphaera sp002070045	98.45	0.775	d__Bacteria;p__Cloacimonadota;c__Cloacimonadia;o__Cloacimonadales;f__Cloacimonadaceae;g__Syntrophosphaera;s__	taxonomic classification defined by topology and ANI	topological placement and ANI have congruent species assignments	GCF_004353895.1, s__Syntrophosphaera thermopropionivorans, 95.0, 89.75, 0.751; GCA_002376725.1, s__Syntrophosphaera sp002376725, 95.0, 88.01, 0.665	88.62	11	N/A	N/A
SemiBin_S3_SemiBin_6	d__Bacteria;p__Armatimonadota;c__UBA5829;o__UBA5829;f__UBA5829;g__DTKD01;s__	N/A	N/A	N/A	N/A	N/A	N/A	N/A	N/A	N/A	N/A	d__Bacteria;p__Armatimonadota;c__UBA5829;o__UBA5829;f__UBA5829;g__DTKD01;s__	taxonomic classification fully defined by topology	classification based on placement in class-level tree	N/A	85.9	11	0.91737	N/A
TaxVAMB_10	d__Bacteria;p__Bacteroidota;c__Bacteroidia;o__Bacteroidales;f__Dysgonomonadaceae;g__Proteiniphilum;s__	N/A	N/A	N/A	N/A	N/A	N/A	N/A	N/A	N/A	N/A	d__Bacteria;p__Bacteroidota;c__Bacteroidia;o__Bacteroidales;f__Dysgonomonadaceae;g__Proteiniphilum;s__	taxonomic classification defined by topology and ANI	classification based on placement in class-level tree	GCA_012839475.1, s__Proteiniphilum sp012839475, 95.0, 87.5, 0.448; GCA_012838585.1, s__Proteiniphilum sp012838585, 95.0, 86.88, 0.408; GCA_023622765.1, s__Proteiniphilum sp019136875, 95.0, 86.49, 0.413	96.05	11	0.99177	N/A
TaxVAMB_106	d__Bacteria;p__Bacteroidota;c__Bacteroidia;o__Bacteroidales;f__4484-276;g__RZYY01;s__RZYY01 sp012516825	GCA_012516825.1	95.0	d__Bacteria;p__Bacteroidota;c__Bacteroidia;o__Bacteroidales;f__4484-276;g__RZYY01;s__RZYY01 sp012516825	99.56	0.953	GCA_012516825.1	95.0	d__Bacteria;p__Bacteroidota;c__Bacteroidia;o__Bacteroidales;f__4484-276;g__RZYY01;s__RZYY01 sp012516825	99.56	0.953	d__Bacteria;p__Bacteroidota;c__Bacteroidia;o__Bacteroidales;f__4484-276;g__RZYY01;s__	taxonomic classification defined by topology and ANI	topological placement and ANI have congruent species assignments	N/A	94.94	11	N/A	N/A
TaxVAMB_111	d__Bacteria;p__Bacillota_A;c__Clostridia;o__Christensenellales;f__UBA1431;g__;s__	N/A	N/A	N/A	N/A	N/A	N/A	N/A	N/A	N/A	N/A	d__Bacteria;p__Bacillota_A;c__Clostridia;o__Christensenellales;f__UBA1431;g__;s__	taxonomic novelty determined using RED	classification based on placement in class-level tree	N/A	95.17	11	0.71697	N/A
TaxVAMB_1248	d__Bacteria;p__Bacillota_A;c__Clostridia;o__Oscillospirales;f__Acutalibacteraceae;g__RGIG2893;s__RGIG2893 sp012839185	GCA_012839185.1	95.0	d__Bacteria;p__Bacillota_A;c__Clostridia;o__Oscillospirales;f__Acutalibacteraceae;g__RGIG2893;s__RGIG2893 sp012839185	97.61	0.93	GCA_012839185.1	95.0	d__Bacteria;p__Bacillota_A;c__Clostridia;o__Oscillospirales;f__Acutalibacteraceae;g__RGIG2893;s__RGIG2893 sp012839185	97.61	0.93	d__Bacteria;p__Bacillota_A;c__Clostridia;o__Oscillospirales;f__Acutalibacteraceae;g__RGIG2893;s__	taxonomic classification defined by topology and ANI	topological placement and ANI have congruent species assignments	N/A	95.19	11	N/A	N/A
TaxVAMB_1256	d__Bacteria;p__Chloroflexota;c__Anaerolineae;o__UBA1429;f__UBA1429;g__JAAYDS01;s__JAAYDS01 sp012729155	GCA_012729155.1	95.0	d__Bacteria;p__Chloroflexota;c__Anaerolineae;o__UBA1429;f__UBA1429;g__JAAYDS01;s__JAAYDS01 sp012729155	99.68	0.865	GCA_012729155.1	95.0	d__Bacteria;p__Chloroflexota;c__Anaerolineae;o__UBA1429;f__UBA1429;g__JAAYDS01;s__JAAYDS01 sp012729155	99.68	0.865	d__Bacteria;p__Chloroflexota;c__Anaerolineae;o__UBA1429;f__UBA1429;g__;s__	taxonomic classification defined by topology and ANI	topological placement and ANI have congruent species assignments	N/A	87.85	11	N/A	N/A
TaxVAMB_126	d__Bacteria;p__Planctomycetota;c__Phycisphaerae;o__Sedimentisphaerales;f__Anaerohalosphaeraceae;g__JAHDQI01;s__JAHDQI01 sp937868095	GCA_937868095.1	95.0	d__Bacteria;p__Planctomycetota;c__Phycisphaerae;o__Sedimentisphaerales;f__Anaerohalosphaeraceae;g__JAHDQI01;s__JAHDQI01 sp937868095	96.07	0.849	GCA_937868095.1	95.0	d__Bacteria;p__Planctomycetota;c__Phycisphaerae;o__Sedimentisphaerales;f__Anaerohalosphaeraceae;g__JAHDQI01;s__JAHDQI01 sp937868095	96.07	0.849	d__Bacteria;p__Planctomycetota;c__Phycisphaerae;o__Sedimentisphaerales;f__Anaerohalosphaeraceae;g__JAHDQI01;s__	taxonomic classification defined by topology and ANI	topological placement and ANI have congruent species assignments	N/A	81.17	11	N/A	N/A
TaxVAMB_127	d__Bacteria;p__Bacillota_A;c__Clostridia;o__Saccharofermentanales;f__UBA5734;g__;s__	N/A	N/A	N/A	N/A	N/A	N/A	N/A	N/A	N/A	N/A	d__Bacteria;p__Bacillota_A;c__Clostridia;o__Saccharofermentanales;f__UBA5734;g__;s__	taxonomic classification fully defined by topology	classification based on placement in class-level tree	N/A	95.71	11	0.76499	N/A
TaxVAMB_1299	d__Bacteria;p__Bacillota_G;c__Limnochordia;o__DTU010;f__DTU010;g__DTU010;s__DTU010 sp900018335	GCA_900018335.1	95.0	d__Bacteria;p__Bacillota_G;c__Limnochordia;o__DTU010;f__DTU010;g__DTU010;s__DTU010 sp900018335	99.69	0.988	GCA_900018335.1	95.0	d__Bacteria;p__Bacillota_G;c__Limnochordia;o__DTU010;f__DTU010;g__DTU010;s__DTU010 sp900018335	99.69	0.988	d__Bacteria;p__Bacillota_G;c__Limnochordia;o__DTU010;f__DTU010;g__DTU010;s__	taxonomic classification defined by topology and ANI	topological placement and ANI have congruent species assignments	GCA_002391385.1, s__DTU010 sp002391385, 95.0, 80.82, 0.232; GCA_012521335.1, s__DTU010 sp012521335, 95.0, 79.56, 0.218	94.0	11	N/A	N/A
TaxVAMB_132	d__Bacteria;p__Bacillota_A;c__Clostridia;o__Oscillospirales;f__Oscillospiraceae;g__DUPK01;s__DUPK01 sp012838345	GCA_012838345.1	95.0	d__Bacteria;p__Bacillota_A;c__Clostridia;o__Oscillospirales;f__Oscillospiraceae;g__DUPK01;s__DUPK01 sp012838345	99.6	0.93	GCA_012838345.1	95.0	d__Bacteria;p__Bacillota_A;c__Clostridia;o__Oscillospirales;f__Oscillospiraceae;g__DUPK01;s__DUPK01 sp012838345	99.6	0.93	d__Bacteria;p__Bacillota_A;c__Clostridia;o__Oscillospirales;f__Oscillospiraceae;g__DUPK01;s__	taxonomic classification defined by topology and ANI	topological placement and ANI have congruent species assignments	GCA_012520395.1, s__DUPK01 sp012520395, 95.0, 80.62, 0.168	92.67	11	N/A	N/A
TaxVAMB_135	d__Bacteria;p__Bacillota_A;c__Clostridia;o__Saccharofermentanales;f__DTU023;g__UBA4923;s__UBA4923 sp012800135	GCA_012800135.1	95.0	d__Bacteria;p__Bacillota_A;c__Clostridia;o__Saccharofermentanales;f__DTU023;g__UBA4923;s__UBA4923 sp012800135	99.43	0.924	GCA_012800135.1	95.0	d__Bacteria;p__Bacillota_A;c__Clostridia;o__Saccharofermentanales;f__DTU023;g__UBA4923;s__UBA4923 sp012800135	99.43	0.924	d__Bacteria;p__Bacillota_A;c__Clostridia;o__Saccharofermentanales;f__DTU023;g__UBA4923;s__	taxonomic classification defined by topology and ANI	topological placement and ANI have congruent species assignments	GCA_012799825.1, s__UBA4923 sp012799825, 95.0, 86.91, 0.503; GCA_012800435.1, s__UBA4923 sp012800435, 95.0, 82.03, 0.222	92.77	11	N/A	N/A
TaxVAMB_145	d__Bacteria;p__Bacillota_A;c__Clostridia;o__Christensenellales;f__UMGS416;g__CALWDW01;s__	N/A	N/A	N/A	N/A	N/A	N/A	N/A	N/A	N/A	N/A	d__Bacteria;p__Bacillota_A;c__Clostridia;o__Christensenellales;f__UMGS416;g__CALWDW01;s__	taxonomic novelty determined using RED	classification based on placement in class-level tree	N/A	90.61	11	0.86638	N/A
TaxVAMB_147	d__Bacteria;p__Bacillota_B;c__Syntrophomonadia;o__Syntrophomonadales;f__DTU052;g__DTU052;s__DTU052 sp001512495	GCA_001512495.1	95.0	d__Bacteria;p__Bacillota_B;c__Syntrophomonadia;o__Syntrophomonadales;f__DTU052;g__DTU052;s__DTU052 sp001512495	99.53	0.956	GCA_001512495.1	95.0	d__Bacteria;p__Bacillota_B;c__Syntrophomonadia;o__Syntrophomonadales;f__DTU052;g__DTU052;s__DTU052 sp001512495	99.53	0.956	d__Bacteria;p__Bacillota_B;c__Syntrophomonadia;o__Syntrophomonadales;f__DTU052;g__DTU052;s__	taxonomic classification defined by topology and ANI	topological placement and ANI have congruent species assignments	GCA_029781825.1, s__DTU052 sp029781825, 95.0, 88.14, 0.634; GCA_012728655.1, s__DTU052 sp012728655, 95.0, 87.85, 0.713	93.72	11	N/A	N/A
TaxVAMB_15	d__Bacteria;p__Desulfobacterota;c__Syntrophobacteria;o__Syntrophobacterales;f__Syntrophobacteraceae;g__JABUEY01;s__JABUEY01 sp013314815	GCA_013314815.1	95.0	d__Bacteria;p__Desulfobacterota;c__Syntrophobacteria;o__Syntrophobacterales;f__Syntrophobacteraceae;g__JABUEY01;s__JABUEY01 sp013314815	99.75	0.971	GCA_013314815.1	95.0	d__Bacteria;p__Desulfobacterota;c__Syntrophobacteria;o__Syntrophobacterales;f__Syntrophobacteraceae;g__JABUEY01;s__JABUEY01 sp013314815	99.75	0.971	d__Bacteria;p__Desulfobacterota;c__Syntrophobacteria;o__Syntrophobacterales;f__Syntrophobacteraceae;g__;s__	taxonomic classification defined by topology and ANI	topological placement and ANI have congruent species assignments	N/A	88.82	11	N/A	N/A
TaxVAMB_164	d__Bacteria;p__Bacillota_A;c__Clostridia;o__Lachnospirales;f__Lachnospiraceae;g__UMGS2037;s__UMGS2037 sp945643825	GCA_945643825.1	95.0	d__Bacteria;p__Bacillota_A;c__Clostridia;o__Lachnospirales;f__Lachnospiraceae;g__UMGS2037;s__UMGS2037 sp945643825	98.54	0.912	GCA_945643825.1	95.0	d__Bacteria;p__Bacillota_A;c__Clostridia;o__Lachnospirales;f__Lachnospiraceae;g__UMGS2037;s__UMGS2037 sp945643825	98.54	0.912	d__Bacteria;p__Bacillota_A;c__Clostridia;o__Lachnospirales;f__Lachnospiraceae;g__UMGS2037;s__	taxonomic classification defined by topology and ANI	topological placement and ANI have congruent species assignments	N/A	89.04	11	N/A	N/A
TaxVAMB_1802	d__Bacteria;p__Patescibacteria;c__Dojkabacteria;o__SC72;f__SC72;g__UBA5232;s__	N/A	N/A	N/A	N/A	N/A	N/A	N/A	N/A	N/A	N/A	d__Bacteria;p__Patescibacteria;c__Dojkabacteria;o__SC72;f__SC72;g__UBA5232;s__	taxonomic classification fully defined by topology	classification based on placement in class-level tree	N/A	71.66	11	0.91201	N/A
TaxVAMB_24	d__Bacteria;p__Bacillota_B;c__Peptococcia;o__DRI-13;f__DRI-13;g__;s__	N/A	N/A	N/A	N/A	N/A	N/A	N/A	N/A	N/A	N/A	d__Bacteria;p__Bacillota_B;c__Peptococcia;o__DRI-13;f__DRI-13;g__;s__	taxonomic novelty determined using RED	classification based on placement in class-level tree	N/A	95.69	11	0.75649	N/A
TaxVAMB_247	d__Bacteria;p__Patescibacteria;c__Microgenomatia;o__UBA1400;f__UBA1396;g__UBA1396;s__UBA1396 sp002305195	GCA_002305195.1	95.0	d__Bacteria;p__Patescibacteria;c__Microgenomatia;o__UBA1400;f__UBA1396;g__UBA1396;s__UBA1396 sp002305195	97.71	0.922	GCA_002305195.1	95.0	d__Bacteria;p__Patescibacteria;c__Microgenomatia;o__UBA1400;f__UBA1396;g__UBA1396;s__UBA1396 sp002305195	97.71	0.922	d__Bacteria;p__Patescibacteria;c__Microgenomatia;o__UBA1400;f__UBA1396;g__;s__	taxonomic classification defined by topology and ANI	topological placement and ANI have congruent species assignments	N/A	69.59	11	N/A	N/A
TaxVAMB_25	d__Bacteria;p__Planctomycetota;c__Phycisphaerae;o__Sedimentisphaerales;f__SG8-4;g__PLanc-01;s__PLanc-01 sp012744475	GCA_012744475.1	95.0	d__Bacteria;p__Planctomycetota;c__Phycisphaerae;o__Sedimentisphaerales;f__SG8-4;g__PLanc-01;s__PLanc-01 sp012744475	98.28	0.932	GCA_012744475.1	95.0	d__Bacteria;p__Planctomycetota;c__Phycisphaerae;o__Sedimentisphaerales;f__SG8-4;g__PLanc-01;s__PLanc-01 sp012744475	98.28	0.932	d__Bacteria;p__Planctomycetota;c__Phycisphaerae;o__Sedimentisphaerales;f__SG8-4;g__PLanc-01;s__	taxonomic classification defined by topology and ANI	topological placement and ANI have congruent species assignments	GCA_012719085.1, s__PLanc-01 sp012719085, 95.0, 83.63, 0.263; GCA_001603075.1, s__PLanc-01 sp001603075, 95.0, 82.89, 0.27; GCA_030012215.1, s__PLanc-01 sp030012215, 95.0, 81.7, 0.236	84.99	11	N/A	N/A
TaxVAMB_26	d__Bacteria;p__Armatimonadota;c__UBA5829;o__UBA5829;f__UBA5829;g__DTKD01;s__	N/A	N/A	N/A	N/A	N/A	N/A	N/A	N/A	N/A	N/A	d__Bacteria;p__Armatimonadota;c__UBA5829;o__UBA5829;f__UBA5829;g__DTKD01;s__	taxonomic classification fully defined by topology	classification based on placement in class-level tree	N/A	92.33	11	0.91753	N/A
TaxVAMB_267	d__Bacteria;p__Chloroflexota;c__Anaerolineae;o__UBA1429;f__UBA1429;g__UBA6128;s__	N/A	N/A	N/A	N/A	N/A	N/A	N/A	N/A	N/A	N/A	d__Bacteria;p__Chloroflexota;c__Anaerolineae;o__UBA1429;f__UBA1429;g__UBA6128;s__	taxonomic novelty determined using RED	classification based on placement in class-level tree	N/A	88.5	11	0.92247	N/A
TaxVAMB_27	d__Bacteria;p__Bacillota_A;c__Clostridia;o__Lachnospirales;f__Lachnospiraceae;g__UBA3282;s__	N/A	N/A	N/A	N/A	N/A	N/A	N/A	N/A	N/A	N/A	d__Bacteria;p__Bacillota_A;c__Clostridia;o__Lachnospirales;f__Lachnospiraceae;g__UBA3282;s__	taxonomic classification defined by topology and ANI	classification based on placement in class-level tree	GCA_017623295.1, s__UBA3282 sp017623295, 95.0, 87.03, 0.508; GCA_017440375.1, s__UBA3282 sp017440375, 95.0, 84.32, 0.405; GCA_029219245.1, s__UBA3282 sp029219245, 95.0, 80.93, 0.203	93.29	11	0.98062	Genome not assigned to closest species as it falls outside its pre-defined ANI radius
TaxVAMB_273	d__Bacteria;p__Bacillota_I;c__Bacilli_A;o__RFN20;f__UBA1709;g__JAAZGG01;s__JAAZGG01 sp012511355	GCA_012511355.1	95.0	d__Bacteria;p__Bacillota_I;c__Bacilli_A;o__RFN20;f__UBA1709;g__JAAZGG01;s__JAAZGG01 sp012511355	99.82	0.812	GCA_012511355.1	95.0	d__Bacteria;p__Bacillota_I;c__Bacilli_A;o__RFN20;f__UBA1709;g__JAAZGG01;s__JAAZGG01 sp012511355	99.82	0.812	d__Bacteria;p__Bacillota_I;c__Bacilli_A;o__RFN20;f__UBA1709;g__;s__	taxonomic classification defined by topology and ANI	topological placement and ANI have congruent species assignments	N/A	83.81	11	N/A	N/A
TaxVAMB_28	d__Bacteria;p__Chloroflexota;c__Anaerolineae;o__Anaerolineales;f__Anaerolineaceae;g__Flexilinea;s__Flexilinea sp012799995	GCA_012799995.1	95.0	d__Bacteria;p__Chloroflexota;c__Anaerolineae;o__Anaerolineales;f__Anaerolineaceae;g__Flexilinea;s__Flexilinea sp012799995	97.39	0.906	GCA_012799995.1	95.0	d__Bacteria;p__Chloroflexota;c__Anaerolineae;o__Anaerolineales;f__Anaerolineaceae;g__Flexilinea;s__Flexilinea sp012799995	97.39	0.906	d__Bacteria;p__Chloroflexota;c__Anaerolineae;o__Anaerolineales;f__Anaerolineaceae;g__Flexilinea;s__	taxonomic classification defined by topology and ANI	topological placement and ANI have congruent species assignments	N/A	93.17	11	N/A	N/A
TaxVAMB_291	d__Bacteria;p__Armatimonadota;c__DTGP01;o__JAKQQT01;f__JAKQQT01;g__JAKQQT01;s__	N/A	N/A	N/A	N/A	N/A	GCA_029564025.1	95.0	d__Bacteria;p__Armatimonadota;c__DTGP01;o__JAKQQT01;f__JAKQQT01;g__JAKQQT01;s__JAKQQT01 sp029564025	91.23	0.758	d__Bacteria;p__Armatimonadota;c__DTGP01;o__JAKQQT01;f__JAKQQT01;g__JAKQQT01;s__	taxonomic classification defined by topology and ANI	classification based on placement in class-level tree	N/A	88.84	11	0.98763	Genome not assigned to closest species as it falls outside its pre-defined ANI radius
TaxVAMB_295	d__Bacteria;p__Bacillota_A;c__Clostridia;o__Oscillospirales;f__Acutalibacteraceae;g__Avimonas;s__Avimonas sp012522615	GCA_012522615.1	95.0	d__Bacteria;p__Bacillota_A;c__Clostridia;o__Oscillospirales;f__Acutalibacteraceae;g__Avimonas;s__Avimonas sp012522615	99.67	0.906	GCA_012522615.1	95.0	d__Bacteria;p__Bacillota_A;c__Clostridia;o__Oscillospirales;f__Acutalibacteraceae;g__Avimonas;s__Avimonas sp012522615	99.67	0.906	d__Bacteria;p__Bacillota_A;c__Clostridia;o__Oscillospirales;f__Acutalibacteraceae;g__Avimonas;s__	taxonomic classification defined by topology and ANI	topological placement and ANI have congruent species assignments	N/A	92.35	11	N/A	N/A
TaxVAMB_309	d__Bacteria;p__Patescibacteria;c__Dojkabacteria;o__SC72;f__SC72;g__UBA5209;s__	N/A	N/A	N/A	N/A	N/A	GCA_002840365.1	95.0	d__Bacteria;p__Patescibacteria;c__Dojkabacteria;o__SC72;f__SC72;g__UBA5209;s__UBA5209 sp002840365	87.22	0.722	d__Bacteria;p__Patescibacteria;c__Dojkabacteria;o__SC72;f__SC72;g__UBA5209;s__	taxonomic classification defined by topology and ANI	classification based on placement in class-level tree	N/A	71.98	11	0.97787	Genome not assigned to closest species as it falls outside its pre-defined ANI radius
TaxVAMB_33	d__Bacteria;p__Bacillota_A;c__Clostridia;o__Christensenellales;f__Aristaeellaceae;g__UBA6115;s__	N/A	N/A	N/A	N/A	N/A	GCA_002411105.1	95.0	d__Bacteria;p__Bacillota_A;c__Clostridia;o__Christensenellales;f__Aristaeellaceae;g__UBA6115;s__UBA6115 sp002411105	80.27	0.225	d__Bacteria;p__Bacillota_A;c__Clostridia;o__Christensenellales;f__Aristaeellaceae;g__UBA6115;s__	taxonomic classification defined by topology and ANI	classification based on placement in class-level tree	N/A	93.64	11	0.96582	N/A
TaxVAMB_34	d__Bacteria;p__Bacillota_A;c__Thermosediminibacteria;o__Thermosediminibacterales;f__Tepidanaerobacteraceae;g__DUNY01;s__	N/A	N/A	N/A	N/A	N/A	N/A	N/A	N/A	N/A	N/A	d__Bacteria;p__Bacillota_A;c__Thermosediminibacteria;o__Thermosediminibacterales;f__Tepidanaerobacteraceae;g__DUNY01;s__	taxonomic classification fully defined by topology	classification based on placement in class-level tree	N/A	93.13	11	0.93741	N/A
TaxVAMB_372	d__Bacteria;p__Elusimicrobiota;c__Endomicrobiia;o__Endomicrobiales;f__Endomicrobiaceae;g__Endomicrobium;s__	N/A	N/A	N/A	N/A	N/A	N/A	N/A	N/A	N/A	N/A	d__Bacteria;p__Elusimicrobiota;c__Endomicrobiia;o__Endomicrobiales;f__Endomicrobiaceae;g__Endomicrobium;s__	taxonomic classification fully defined by topology	classification based on placement in class-level tree	N/A	77.74	11	0.83575	N/A
TaxVAMB_374	d__Bacteria;p__Patescibacteria;c__Paceibacteria;o__Moranbacterales;f__GWC2-37-73;g__UBA1362;s__UBA1362 sp002306085	GCA_002306085.1	95.0	d__Bacteria;p__Patescibacteria;c__Paceibacteria;o__Moranbacterales;f__GWC2-37-73;g__UBA1362;s__UBA1362 sp002306085	99.67	0.97	GCA_002306085.1	95.0	d__Bacteria;p__Patescibacteria;c__Paceibacteria;o__Moranbacterales;f__GWC2-37-73;g__UBA1362;s__UBA1362 sp002306085	99.67	0.97	d__Bacteria;p__Patescibacteria;c__Paceibacteria;o__Moranbacterales;f__GWC2-37-73;g__;s__	taxonomic classification defined by topology and ANI	topological placement and ANI have congruent species assignments	N/A	75.75	11	N/A	N/A
TaxVAMB_393	d__Bacteria;p__Patescibacteria;c__Dojkabacteria;o__SC72;f__SC72;g__;s__	N/A	N/A	N/A	N/A	N/A	N/A	N/A	N/A	N/A	N/A	d__Bacteria;p__Patescibacteria;c__Dojkabacteria;o__SC72;f__SC72;g__;s__	taxonomic novelty determined using RED	classification based on placement in class-level tree	N/A	64.61	11	0.90693	N/A
TaxVAMB_40	d__Bacteria;p__Pseudomonadota;c__Gammaproteobacteria;o__Pseudomonadales;f__Moraxellaceae;g__Acinetobacter;s__Acinetobacter indicus	GCF_000488255.1	95.0	d__Bacteria;p__Pseudomonadota;c__Gammaproteobacteria;o__Pseudomonadales;f__Moraxellaceae;g__Acinetobacter;s__Acinetobacter indicus	97.86	0.873	GCF_000488255.1	95.0	d__Bacteria;p__Pseudomonadota;c__Gammaproteobacteria;o__Pseudomonadales;f__Moraxellaceae;g__Acinetobacter;s__Acinetobacter indicus	97.86	0.873	d__Bacteria;p__Pseudomonadota;c__Gammaproteobacteria;o__Pseudomonadales;f__Moraxellaceae;g__Acinetobacter;s__	taxonomic classification defined by topology and ANI	topological placement and ANI have congruent species assignments	GCF_000368785.1, s__Acinetobacter towneri, 95.0, 82.37, 0.195; GCF_001758345.1, s__Acinetobacter towneri_A, 95.0, 82.13, 0.167; GCF_011058205.1, s__Acinetobacter fasciculus, 96.28, 82.02, 0.199; GCF_029024105.1, s__Acinetobacter lwoffii, 96.35, 81.82, 0.209; GCF_019343495.1, s__Acinetobacter lwoffii_P, 96.33, 81.8, 0.214; GCF_012371325.1, s__Acinetobacter sp012371325, 95.0, 81.62, 0.197; GCF_015602705.1, s__Acinetobacter lwoffii_E, 95.69, 81.54, 0.212; GCF_013417155.1, s__Acinetobacter sp013417155, 96.33, 81.53, 0.208; GCF_013343215.1, s__Acinetobacter lwoffii_C, 95.0, 81.51, 0.166; GCF_019048525.1, s__Acinetobacter lwoffii_K, 96.35, 81.33, 0.197; GCF_024129735.1, s__Acinetobacter lwoffii_H, 96.17, 81.28, 0.204; GCF_014769185.1, s__Acinetobacter lwoffii_D, 96.38, 81.27, 0.194; GCF_000368625.1, s__Acinetobacter schindleri, 95.0, 81.23, 0.167; GCF_000369625.1, s__Acinetobacter variabilis, 95.0, 81.18, 0.203; GCF_024129435.1, s__Acinetobacter lwoffii_F, 96.07, 81.13, 0.193; GCF_022809915.1, s__Acinetobacter lwoffii_M, 96.22, 81.11, 0.199; GCF_002296655.1, s__Acinetobacter sp002296655, 95.0, 81.1, 0.169; GCF_024129595.1, s__Acinetobacter lwoffii_O, 96.45, 81.05, 0.185; GCF_024129855.1, s__Acinetobacter lwoffii_L, 96.51, 81.01, 0.199; GCF_002321025.1, s__Acinetobacter lwoffii_J, 95.0, 81.0, 0.195; GCF_000773685.1, s__Acinetobacter sp000773685, 95.0, 81.0, 0.17; GCF_002803605.1, s__Acinetobacter pseudolwoffii, 95.0, 80.96, 0.215; GCF_016599715.1, s__Acinetobacter sp002135245, 95.0, 80.94, 0.162; GCF_019038395.1, s__Acinetobacter sp019038395, 95.0, 80.93, 0.171; GCA_000761495.1, s__Acinetobacter idrijaensis, 95.91, 80.88, 0.193; GCA_013530545.1, s__Acinetobacter lwoffii_G, 96.18, 80.88, 0.18; GCF_022700675.1, s__Acinetobacter sp022700675, 95.0, 80.79, 0.188; GCA_002332985.1, s__Acinetobacter lwoffii_N, 96.55, 80.66, 0.197; GCF_013417555.1, s__Acinetobacter sp013417555, 95.0, 80.66, 0.192; GCF_900096895.1, s__Acinetobacter kookii, 95.0, 80.66, 0.179; GCF_024129355.1, s__Acinetobacter lwoffii_I, 96.07, 80.63, 0.199; GCF_002688565.1, s__Acinetobacter sp002688565, 95.0, 80.59, 0.161; GCF_022967985.1, s__Acinetobacter sp002367455, 96.56, 80.58, 0.192; GCF_902753875.1, s__Acinetobacter bouvetii_A, 95.0, 80.27, 0.164; GCF_002135315.1, s__Acinetobacter sp002135315, 95.0, 80.21, 0.155; GCF_014837015.1, s__Acinetobacter pecorum, 95.0, 80.13, 0.177; GCF_002135355.1, s__Acinetobacter sp002135355, 95.0, 79.94, 0.158	98.75	11	N/A	N/A
TaxVAMB_41	d__Bacteria;p__Bacillota_B;c__Moorellia;o__DTU086;f__DTU086;g__DTU086;s__	N/A	N/A	N/A	N/A	N/A	N/A	N/A	N/A	N/A	N/A	d__Bacteria;p__Bacillota_B;c__Moorellia;o__DTU086;f__DTU086;g__DTU086;s__	taxonomic novelty determined using RED	classification based on placement in class-level tree	N/A	96.31	11	0.86061	N/A
TaxVAMB_45	d__Bacteria;p__Bacillota_B;c__Moorellia;o__DTU086;f__DTU086;g__DTU086;s__	N/A	N/A	N/A	N/A	N/A	N/A	N/A	N/A	N/A	N/A	d__Bacteria;p__Bacillota_B;c__Moorellia;o__DTU086;f__DTU086;g__DTU086;s__	taxonomic novelty determined using RED	classification based on placement in class-level tree	N/A	92.49	11	0.86075	N/A
TaxVAMB_499	d__Bacteria;p__Armatimonadota;c__UBA5377;o__UBA1398;f__UBA1398;g__UBA1398;s__UBA1398 sp002305165	GCA_002305165.1	95.0	d__Bacteria;p__Armatimonadota;c__UBA5377;o__UBA1398;f__UBA1398;g__UBA1398;s__UBA1398 sp002305165	98.96	0.944	GCA_002305165.1	95.0	d__Bacteria;p__Armatimonadota;c__UBA5377;o__UBA1398;f__UBA1398;g__UBA1398;s__UBA1398 sp002305165	98.96	0.944	d__Bacteria;p__Armatimonadota;c__UBA5377;o__UBA1398;f__UBA1398;g__UBA1398;s__	taxonomic classification defined by topology and ANI	topological placement and ANI have congruent species assignments	N/A	86.16	11	N/A	N/A
TaxVAMB_50	d__Bacteria;p__Bacillota_A;c__Clostridia;o__Christensenellales;f__UBA1431;g__UBA1431;s__UBA1431 sp002329665	GCA_002329665.1	95.0	d__Bacteria;p__Bacillota_A;c__Clostridia;o__Christensenellales;f__UBA1431;g__UBA1431;s__UBA1431 sp002329665	98.74	0.927	GCA_002329665.1	95.0	d__Bacteria;p__Bacillota_A;c__Clostridia;o__Christensenellales;f__UBA1431;g__UBA1431;s__UBA1431 sp002329665	98.74	0.927	d__Bacteria;p__Bacillota_A;c__Clostridia;o__Christensenellales;f__;g__;s__	taxonomic classification defined by topology and ANI	topological placement and ANI have congruent species assignments	N/A	88.68	11	N/A	N/A
TaxVAMB_508	d__Bacteria;p__Bacillota_A;c__Clostridia;o__Lachnospirales;f__Lachnospiraceae;g__CAG-791;s__CAG-791 sp900321785	GCA_900321785.1	95.0	d__Bacteria;p__Bacillota_A;c__Clostridia;o__Lachnospirales;f__Lachnospiraceae;g__CAG-791;s__CAG-791 sp900321785	98.8	0.875	GCA_900321785.1	95.0	d__Bacteria;p__Bacillota_A;c__Clostridia;o__Lachnospirales;f__Lachnospiraceae;g__CAG-791;s__CAG-791 sp900321785	98.8	0.875	d__Bacteria;p__Bacillota_A;c__Clostridia;o__Lachnospirales;f__Lachnospiraceae;g__CAG-791;s__	taxonomic classification defined by topology and ANI	topological placement and ANI have congruent species assignments	N/A	94.1	11	N/A	N/A
TaxVAMB_509	d__Bacteria;p__Actinomycetota;c__Thermoleophilia;o__RBG-16-64-13;f__RBG-16-64-13;g__RBG-16-64-13;s__	N/A	N/A	N/A	N/A	N/A	N/A	N/A	N/A	N/A	N/A	d__Bacteria;p__Actinomycetota;c__Thermoleophilia;o__RBG-16-64-13;f__RBG-16-64-13;g__RBG-16-64-13;s__	taxonomic classification fully defined by topology	classification based on placement in class-level tree	N/A	89.59	11	0.93874	N/A
TaxVAMB_52	d__Bacteria;p__Bacillota_A;c__Clostridia;o__Christensenellales;f__UBA1431;g__UBA1431;s__UBA1431 sp002329665	GCA_002329665.1	95.0	d__Bacteria;p__Bacillota_A;c__Clostridia;o__Christensenellales;f__UBA1431;g__UBA1431;s__UBA1431 sp002329665	98.74	0.912	GCA_002329665.1	95.0	d__Bacteria;p__Bacillota_A;c__Clostridia;o__Christensenellales;f__UBA1431;g__UBA1431;s__UBA1431 sp002329665	98.74	0.912	d__Bacteria;p__Bacillota_A;c__Clostridia;o__Christensenellales;f__;g__;s__	taxonomic classification defined by topology and ANI	topological placement and ANI have congruent species assignments	N/A	88.56	11	N/A	N/A
TaxVAMB_53	d__Bacteria;p__Bacillota_A;c__Clostridia;o__Oscillospirales;f__Oscillospiraceae;g__Limivicinus;s__	N/A	N/A	N/A	N/A	N/A	N/A	N/A	N/A	N/A	N/A	d__Bacteria;p__Bacillota_A;c__Clostridia;o__Oscillospirales;f__Oscillospiraceae;g__Limivicinus;s__	taxonomic classification fully defined by topology	classification based on placement in class-level tree	N/A	95.65	11	0.94643	N/A
TaxVAMB_54	d__Bacteria;p__Bacillota_E;c__DTU015;o__DTU015;f__DTU015;g__;s__	N/A	N/A	N/A	N/A	N/A	N/A	N/A	N/A	N/A	N/A	d__Bacteria;p__Bacillota_E;c__DTU015;o__DTU015;f__DTU015;g__;s__	taxonomic novelty determined using RED	classification based on placement in class-level tree	N/A	90.19	11	0.88238	N/A
TaxVAMB_55	d__Bacteria;p__Verrucomicrobiota;c__Verrucomicrobiae;o__Limisphaerales;f__UBA1412;g__UBA1412;s__	N/A	N/A	N/A	N/A	N/A	N/A	N/A	N/A	N/A	N/A	d__Bacteria;p__Verrucomicrobiota;c__Verrucomicrobiae;o__Limisphaerales;f__UBA1412;g__UBA1412;s__	taxonomic classification defined by topology and ANI	classification based on placement in class-level tree	GCA_002305615.1, s__UBA1412 sp002305615, 95.0, 89.38, 0.722; GCA_023230105.1, s__UBA1412 sp023230105, 95.0, 87.94, 0.701; GCA_019136955.1, s__UBA1412 sp019136955, 95.0, 82.34, 0.165	85.98	11	0.97323	Genome not assigned to closest species as it falls outside its pre-defined ANI radius
TaxVAMB_561	d__Bacteria;p__Planctomycetota;c__Phycisphaerae;o__UBA1845;f__Fen-1342;g__JAAYXS01;s__JAAYXS01 sp018056925	GCA_018056925.1	95.0	d__Bacteria;p__Planctomycetota;c__Phycisphaerae;o__UBA1845;f__Fen-1342;g__JAAYXS01;s__JAAYXS01 sp018056925	98.91	0.881	GCA_018056925.1	95.0	d__Bacteria;p__Planctomycetota;c__Phycisphaerae;o__UBA1845;f__Fen-1342;g__JAAYXS01;s__JAAYXS01 sp018056925	98.91	0.881	d__Bacteria;p__Planctomycetota;c__Phycisphaerae;o__UBA1845;f__Fen-1342;g__JAAYXS01;s__	taxonomic classification defined by topology and ANI	topological placement and ANI have congruent species assignments	GCA_012515775.1, s__JAAYXS01 sp012515775, 95.0, 94.67, 0.765	85.1	11	N/A	N/A
TaxVAMB_57	d__Bacteria;p__Bacteroidota;c__Bacteroidia;o__Bacteroidales;f__UBA932;g__DMER64;s__	N/A	N/A	N/A	N/A	N/A	GCA_012839605.1	95.0	d__Bacteria;p__Bacteroidota;c__Bacteroidia;o__Bacteroidales;f__UBA932;g__DMER64;s__DMER64 sp012839605	81.69	0.338	d__Bacteria;p__Bacteroidota;c__Bacteroidia;o__Bacteroidales;f__UBA932;g__DMER64;s__	taxonomic classification defined by topology and ANI	classification based on placement in class-level tree	N/A	94.32	11	0.97925	N/A
TaxVAMB_62	d__Bacteria;p__Spirochaetota;c__Spirochaetia;o__Treponematales;f__Rectinemataceae;g__UBA2256;s__UBA2256 sp001603165	GCA_001603165.1	95.0	d__Bacteria;p__Spirochaetota;c__Spirochaetia;o__Treponematales;f__Rectinemataceae;g__UBA2256;s__UBA2256 sp001603165	99.53	0.9	GCA_001603165.1	95.0	d__Bacteria;p__Spirochaetota;c__Spirochaetia;o__Treponematales;f__Rectinemataceae;g__UBA2256;s__UBA2256 sp001603165	99.53	0.9	d__Bacteria;p__Spirochaetota;c__Spirochaetia;o__Treponematales;f__Rectinemataceae;g__UBA2256;s__	taxonomic classification defined by topology and ANI	topological placement and ANI have congruent species assignments	GCA_023421875.1, s__UBA2256 sp023421875, 95.0, 82.55, 0.2; GCA_002383375.1, s__UBA2256 sp002383375, 95.0, 80.92, 0.247; GCA_002428725.1, s__UBA2256 sp002428725, 95.0, 79.92, 0.155	85.78	11	N/A	N/A
TaxVAMB_63	d__Bacteria;p__Bacillota_A;c__Clostridia;o__Oscillospirales;f__Oscillospiraceae;g__Faecousia;s__Faecousia sp902795095	GCA_902795095.1	95.0	d__Bacteria;p__Bacillota_A;c__Clostridia;o__Oscillospirales;f__Oscillospiraceae;g__Faecousia;s__Faecousia sp902795095	98.58	0.827	GCA_902795095.1	95.0	d__Bacteria;p__Bacillota_A;c__Clostridia;o__Oscillospirales;f__Oscillospiraceae;g__Faecousia;s__Faecousia sp902795095	98.58	0.827	d__Bacteria;p__Bacillota_A;c__Clostridia;o__Oscillospirales;f__Oscillospiraceae;g__Faecousia;s__	taxonomic classification defined by topology and ANI	topological placement and ANI have congruent species assignments	GCA_015068455.1, s__Faecousia sp015068455, 95.0, 88.7, 0.543	94.22	11	N/A	N/A
TaxVAMB_65	d__Bacteria;p__Cloacimonadota;c__Cloacimonadia;o__Cloacimonadales;f__Cloacimonadaceae;g__UBA3900;s__UBA3900 sp002391675	GCA_002391675.1	95.0	d__Bacteria;p__Cloacimonadota;c__Cloacimonadia;o__Cloacimonadales;f__Cloacimonadaceae;g__UBA3900;s__UBA3900 sp002391675	97.34	0.88	GCA_002391675.1	95.0	d__Bacteria;p__Cloacimonadota;c__Cloacimonadia;o__Cloacimonadales;f__Cloacimonadaceae;g__UBA3900;s__UBA3900 sp002391675	97.34	0.88	d__Bacteria;p__Cloacimonadota;c__Cloacimonadia;o__Cloacimonadales;f__Cloacimonadaceae;g__UBA3900;s__	taxonomic classification defined by topology and ANI	topological placement and ANI have congruent species assignments	GCA_029561955.1, s__UBA3900 sp029561955, 95.0, 85.41, 0.546; GCA_029781115.1, s__UBA3900 sp029781115, 95.0, 84.85, 0.509	89.63	11	N/A	N/A
TaxVAMB_695	d__Bacteria;p__Patescibacteria;c__Paceibacteria;o__Paceibacterales;f__UBA1441;g__UBA1441;s__UBA1441 sp002329255	GCA_002329255.1	95.0	d__Bacteria;p__Patescibacteria;c__Paceibacteria;o__Paceibacterales;f__UBA1441;g__UBA1441;s__UBA1441 sp002329255	98.59	0.956	GCA_002329255.1	95.0	d__Bacteria;p__Patescibacteria;c__Paceibacteria;o__Paceibacterales;f__UBA1441;g__UBA1441;s__UBA1441 sp002329255	98.59	0.956	d__Bacteria;p__Patescibacteria;c__Paceibacteria;o__Paceibacterales;f__UBA1441;g__UBA1441;s__	taxonomic classification defined by topology and ANI	topological placement and ANI have congruent species assignments	N/A	61.05	11	N/A	N/A
TaxVAMB_696	d__Bacteria;p__Patescibacteria;c__Paceibacteria;o__Paceibacterales;f__UBA1441;g__UBA1441;s__UBA1441 sp002329255	GCA_002329255.1	95.0	d__Bacteria;p__Patescibacteria;c__Paceibacteria;o__Paceibacterales;f__UBA1441;g__UBA1441;s__UBA1441 sp002329255	98.78	0.951	GCA_002329255.1	95.0	d__Bacteria;p__Patescibacteria;c__Paceibacteria;o__Paceibacterales;f__UBA1441;g__UBA1441;s__UBA1441 sp002329255	98.78	0.951	d__Bacteria;p__Patescibacteria;c__Paceibacteria;o__Paceibacterales;f__UBA1441;g__UBA1441;s__	taxonomic classification defined by topology and ANI	topological placement and ANI have congruent species assignments	N/A	61.87	11	N/A	N/A
TaxVAMB_79	d__Bacteria;p__Bacillota_A;c__Clostridia;o__Lachnospirales;f__Lachnospiraceae;g__CAG-791;s__CAG-791 sp017513005	GCA_017513005.1	95.0	d__Bacteria;p__Bacillota_A;c__Clostridia;o__Lachnospirales;f__Lachnospiraceae;g__CAG-791;s__CAG-791 sp017513005	98.67	0.899	GCA_017513005.1	95.0	d__Bacteria;p__Bacillota_A;c__Clostridia;o__Lachnospirales;f__Lachnospiraceae;g__CAG-791;s__CAG-791 sp017513005	98.67	0.899	d__Bacteria;p__Bacillota_A;c__Clostridia;o__Lachnospirales;f__Lachnospiraceae;g__CAG-791;s__	taxonomic classification defined by topology and ANI	topological placement and ANI have congruent species assignments	N/A	93.96	11	N/A	N/A
TaxVAMB_80	d__Bacteria;p__Actinomycetota;c__Coriobacteriia;o__Coriobacteriales;f__Atopobiaceae;g__RUG721;s__RUG721 sp029546925	GCA_029546925.1	95.0	d__Bacteria;p__Actinomycetota;c__Coriobacteriia;o__Coriobacteriales;f__Atopobiaceae;g__RUG721;s__RUG721 sp029546925	98.56	0.855	GCA_029546925.1	95.0	d__Bacteria;p__Actinomycetota;c__Coriobacteriia;o__Coriobacteriales;f__Atopobiaceae;g__RUG721;s__RUG721 sp029546925	98.56	0.855	d__Bacteria;p__Actinomycetota;c__Coriobacteriia;o__Coriobacteriales;f__Atopobiaceae;g__RUG721;s__	taxonomic classification defined by topology and ANI	topological placement and ANI have congruent species assignments	GCA_004010535.1, s__RUG721 sp004010535, 95.0, 88.12, 0.605; GCA_902795065.1, s__RUG721 sp900321745, 95.0, 80.89, 0.181	92.81	11	N/A	N/A
TaxVAMB_81	d__Bacteria;p__Actinomycetota;c__Coriobacteriia;o__Coriobacteriales;f__Atopobiaceae;g__RUG721;s__	N/A	N/A	N/A	N/A	N/A	GCA_004010535.1	95.0	d__Bacteria;p__Actinomycetota;c__Coriobacteriia;o__Coriobacteriales;f__Atopobiaceae;g__RUG721;s__RUG721 sp004010535	89.9	0.662	d__Bacteria;p__Actinomycetota;c__Coriobacteriia;o__Coriobacteriales;f__Atopobiaceae;g__RUG721;s__	taxonomic classification defined by topology and ANI	classification based on placement in class-level tree	GCA_029546925.1, s__RUG721 sp029546925, 95.0, 88.57, 0.621; GCA_902795065.1, s__RUG721 sp900321745, 95.0, 82.28, 0.244	93.45	11	0.98264	Genome not assigned to closest species as it falls outside its pre-defined ANI radius
TaxVAMB_9	d__Bacteria;p__Bacteroidota;c__Bacteroidia;o__Bacteroidales;f__Dysgonomonadaceae;g__Proteiniphilum;s__	N/A	N/A	N/A	N/A	N/A	N/A	N/A	N/A	N/A	N/A	d__Bacteria;p__Bacteroidota;c__Bacteroidia;o__Bacteroidales;f__Dysgonomonadaceae;g__Proteiniphilum;s__	taxonomic classification defined by topology and ANI	classification based on placement in class-level tree	GCA_012839475.1, s__Proteiniphilum sp012839475, 95.0, 87.7, 0.447; GCA_012838585.1, s__Proteiniphilum sp012838585, 95.0, 86.89, 0.411; GCA_023622765.1, s__Proteiniphilum sp019136875, 95.0, 86.49, 0.417	97.7	11	0.99178	N/A
TaxVAMB_900	d__Bacteria;p__Patescibacteria;c__ABY1;o__BM507;f__UBA12465;g__JAEZRQ01;s__	N/A	N/A	N/A	N/A	N/A	N/A	N/A	N/A	N/A	N/A	d__Bacteria;p__Patescibacteria;c__ABY1;o__BM507;f__UBA12465;g__JAEZRQ01;s__	taxonomic classification fully defined by topology	classification based on placement in class-level tree	N/A	67.45	11	0.9711	N/A
VAMB_100	d__Bacteria;p__Bacillota_I;c__Bacilli_A;o__RFN20;f__CAG-826;g__JAQWCH01;s__	N/A	N/A	N/A	N/A	N/A	N/A	N/A	N/A	N/A	N/A	d__Bacteria;p__Bacillota_I;c__Bacilli_A;o__RFN20;f__CAG-826;g__JAQWCH01;s__	taxonomic novelty determined using RED	classification based on placement in class-level tree	N/A	89.61	11	0.91017	N/A
VAMB_103	d__Bacteria;p__Bacillota_A;c__Clostridia;o__Oscillospirales;f__Oscillospiraceae;g__DUPK01;s__DUPK01 sp012838345	GCA_012838345.1	95.0	d__Bacteria;p__Bacillota_A;c__Clostridia;o__Oscillospirales;f__Oscillospiraceae;g__DUPK01;s__DUPK01 sp012838345	99.6	0.93	GCA_012838345.1	95.0	d__Bacteria;p__Bacillota_A;c__Clostridia;o__Oscillospirales;f__Oscillospiraceae;g__DUPK01;s__DUPK01 sp012838345	99.6	0.93	d__Bacteria;p__Bacillota_A;c__Clostridia;o__Oscillospirales;f__Oscillospiraceae;g__DUPK01;s__	taxonomic classification defined by topology and ANI	topological placement and ANI have congruent species assignments	GCA_012520395.1, s__DUPK01 sp012520395, 95.0, 80.62, 0.168	92.67	11	N/A	N/A
VAMB_11	d__Bacteria;p__Desulfobacterota;c__Syntrophobacteria;o__Syntrophobacterales;f__Syntrophobacteraceae;g__JABUEY01;s__JABUEY01 sp013314815	GCA_013314815.1	95.0	d__Bacteria;p__Desulfobacterota;c__Syntrophobacteria;o__Syntrophobacterales;f__Syntrophobacteraceae;g__JABUEY01;s__JABUEY01 sp013314815	99.75	0.971	GCA_013314815.1	95.0	d__Bacteria;p__Desulfobacterota;c__Syntrophobacteria;o__Syntrophobacterales;f__Syntrophobacteraceae;g__JABUEY01;s__JABUEY01 sp013314815	99.75	0.971	d__Bacteria;p__Desulfobacterota;c__Syntrophobacteria;o__Syntrophobacterales;f__Syntrophobacteraceae;g__;s__	taxonomic classification defined by topology and ANI	topological placement and ANI have congruent species assignments	N/A	88.82	11	N/A	N/A
VAMB_110	d__Bacteria;p__Bacillota_A;c__Clostridia;o__Saccharofermentanales;f__DTU023;g__UBA4923;s__UBA4923 sp012800135	GCA_012800135.1	95.0	d__Bacteria;p__Bacillota_A;c__Clostridia;o__Saccharofermentanales;f__DTU023;g__UBA4923;s__UBA4923 sp012800135	99.43	0.924	GCA_012800135.1	95.0	d__Bacteria;p__Bacillota_A;c__Clostridia;o__Saccharofermentanales;f__DTU023;g__UBA4923;s__UBA4923 sp012800135	99.43	0.924	d__Bacteria;p__Bacillota_A;c__Clostridia;o__Saccharofermentanales;f__DTU023;g__UBA4923;s__	taxonomic classification defined by topology and ANI	topological placement and ANI have congruent species assignments	GCA_012799825.1, s__UBA4923 sp012799825, 95.0, 86.91, 0.509; GCA_012800435.1, s__UBA4923 sp012800435, 95.0, 82.03, 0.222	92.77	11	N/A	N/A
VAMB_113	d__Bacteria;p__Bacillota_A;c__Clostridia;o__Christensenellales;f__UMGS416;g__CALWDW01;s__	N/A	N/A	N/A	N/A	N/A	N/A	N/A	N/A	N/A	N/A	d__Bacteria;p__Bacillota_A;c__Clostridia;o__Christensenellales;f__UMGS416;g__CALWDW01;s__	taxonomic novelty determined using RED	classification based on placement in class-level tree	N/A	90.61	11	0.86638	N/A
VAMB_114	d__Bacteria;p__Bacillota_B;c__Syntrophomonadia;o__Syntrophomonadales;f__DTU052;g__DTU052;s__DTU052 sp001512495	GCA_001512495.1	95.0	d__Bacteria;p__Bacillota_B;c__Syntrophomonadia;o__Syntrophomonadales;f__DTU052;g__DTU052;s__DTU052 sp001512495	99.53	0.905	GCA_001512495.1	95.0	d__Bacteria;p__Bacillota_B;c__Syntrophomonadia;o__Syntrophomonadales;f__DTU052;g__DTU052;s__DTU052 sp001512495	99.53	0.905	d__Bacteria;p__Bacillota_B;c__Syntrophomonadia;o__Syntrophomonadales;f__DTU052;g__DTU052;s__	taxonomic classification defined by topology and ANI	topological placement and ANI have congruent species assignments	GCA_029781825.1, s__DTU052 sp029781825, 95.0, 88.07, 0.603; GCA_012728655.1, s__DTU052 sp012728655, 95.0, 87.89, 0.688	92.89	11	N/A	N/A
VAMB_121	d__Bacteria;p__Bacteroidota;c__Bacteroidia;o__Bacteroidales;f__4484-276;g__RZYY01;s__RZYY01 sp012516825	GCA_012516825.1	95.0	d__Bacteria;p__Bacteroidota;c__Bacteroidia;o__Bacteroidales;f__4484-276;g__RZYY01;s__RZYY01 sp012516825	99.56	0.953	GCA_012516825.1	95.0	d__Bacteria;p__Bacteroidota;c__Bacteroidia;o__Bacteroidales;f__4484-276;g__RZYY01;s__RZYY01 sp012516825	99.56	0.953	d__Bacteria;p__Bacteroidota;c__Bacteroidia;o__Bacteroidales;f__4484-276;g__RZYY01;s__	taxonomic classification defined by topology and ANI	topological placement and ANI have congruent species assignments	N/A	94.94	11	N/A	N/A
VAMB_127	d__Bacteria;p__Bacillota_A;c__Clostridia;o__Lachnospirales;f__Lachnospiraceae;g__Acetatifactor;s__Acetatifactor sp900320485	GCA_900320485.1	95.0	d__Bacteria;p__Bacillota_A;c__Clostridia;o__Lachnospirales;f__Lachnospiraceae;g__Acetatifactor;s__Acetatifactor sp900320485	97.84	0.832	GCA_900320485.1	95.0	d__Bacteria;p__Bacillota_A;c__Clostridia;o__Lachnospirales;f__Lachnospiraceae;g__Acetatifactor;s__Acetatifactor sp900320485	97.84	0.832	d__Bacteria;p__Bacillota_A;c__Clostridia;o__Lachnospirales;f__Lachnospiraceae;g__Acetatifactor;s__	taxonomic classification defined by topology and ANI	topological placement and ANI have congruent species assignments	N/A	89.18	11	N/A	N/A
VAMB_132	d__Bacteria;p__Planctomycetota;c__Phycisphaerae;o__UBA1845;f__Fen-1342;g__JAAYXS01;s__JAAYXS01 sp018056925	GCA_018056925.1	95.0	d__Bacteria;p__Planctomycetota;c__Phycisphaerae;o__UBA1845;f__Fen-1342;g__JAAYXS01;s__JAAYXS01 sp018056925	98.91	0.865	GCA_018056925.1	95.0	d__Bacteria;p__Planctomycetota;c__Phycisphaerae;o__UBA1845;f__Fen-1342;g__JAAYXS01;s__JAAYXS01 sp018056925	98.91	0.865	d__Bacteria;p__Planctomycetota;c__Phycisphaerae;o__UBA1845;f__Fen-1342;g__JAAYXS01;s__	taxonomic classification defined by topology and ANI	topological placement and ANI have congruent species assignments	GCA_012515775.1, s__JAAYXS01 sp012515775, 95.0, 94.62, 0.749	83.46	11	N/A	N/A
VAMB_14	d__Bacteria;p__Bacillota_A;c__Clostridia;o__Oscillospirales;f__CAG-272;g__JAAZGC01;s__JAAZGC01 sp012841635	GCA_012841635.1	95.0	d__Bacteria;p__Bacillota_A;c__Clostridia;o__Oscillospirales;f__CAG-272;g__JAAZGC01;s__JAAZGC01 sp012841635	99.91	0.986	GCA_012841635.1	95.0	d__Bacteria;p__Bacillota_A;c__Clostridia;o__Oscillospirales;f__CAG-272;g__JAAZGC01;s__JAAZGC01 sp012841635	99.91	0.986	d__Bacteria;p__Bacillota_A;c__Clostridia;o__Oscillospirales;f__CAG-272;g__JAAZGC01;s__	taxonomic classification defined by topology and ANI	topological placement and ANI have congruent species assignments	GCA_012511425.1, s__JAAZGC01 sp012511425, 95.0, 89.82, 0.748; GCA_012800735.1, s__JAAZGC01 sp012800735, 95.0, 89.71, 0.72	93.92	11	N/A	N/A
VAMB_147	d__Bacteria;p__Verrucomicrobiota;c__Kiritimatiellia;o__JAAZAB01;f__JAAZAB01;g__JAIVGW01;s__	N/A	N/A	N/A	N/A	N/A	N/A	N/A	N/A	N/A	N/A	d__Bacteria;p__Verrucomicrobiota;c__Kiritimatiellia;o__JAAZAB01;f__JAAZAB01;g__JAIVGW01;s__	taxonomic novelty determined using RED	classification based on placement in class-level tree	N/A	85.98	11	0.87686	N/A
VAMB_16	d__Bacteria;p__Bacillota_A;c__Clostridia;o__Oscillospirales;f__CAG-272;g__JAAZGC01;s__JAAZGC01 sp012841635	GCA_012841635.1	95.0	d__Bacteria;p__Bacillota_A;c__Clostridia;o__Oscillospirales;f__CAG-272;g__JAAZGC01;s__JAAZGC01 sp012841635	99.92	0.986	GCA_012841635.1	95.0	d__Bacteria;p__Bacillota_A;c__Clostridia;o__Oscillospirales;f__CAG-272;g__JAAZGC01;s__JAAZGC01 sp012841635	99.92	0.986	d__Bacteria;p__Bacillota_A;c__Clostridia;o__Oscillospirales;f__CAG-272;g__JAAZGC01;s__	taxonomic classification defined by topology and ANI	topological placement and ANI have congruent species assignments	GCA_012511425.1, s__JAAZGC01 sp012511425, 95.0, 89.82, 0.748; GCA_012800735.1, s__JAAZGC01 sp012800735, 95.0, 89.71, 0.72	93.92	11	N/A	N/A
VAMB_160	d__Bacteria;p__Verrucomicrobiota;c__Kiritimatiellia;o__RFP12;f__UBA3636;g__JAAZFF01;s__JAAZFF01 sp022837245	GCA_022837245.1	95.0	d__Bacteria;p__Verrucomicrobiota;c__Kiritimatiellia;o__RFP12;f__UBA3636;g__JAAZFF01;s__JAAZFF01 sp022837245	98.87	0.78	GCA_022837245.1	95.0	d__Bacteria;p__Verrucomicrobiota;c__Kiritimatiellia;o__RFP12;f__UBA3636;g__JAAZFF01;s__JAAZFF01 sp022837245	98.87	0.78	d__Bacteria;p__Verrucomicrobiota;c__Kiritimatiellia;o__RFP12;f__UBA3636;g__JAAZFF01;s__	taxonomic classification defined by topology and ANI	topological placement and ANI have congruent species assignments	N/A	80.24	11	N/A	N/A
VAMB_166	d__Bacteria;p__Patescibacteria;c__Microgenomatia;o__UBA1400;f__UBA1396;g__UBA1396;s__UBA1396 sp002305195	GCA_002305195.1	95.0	d__Bacteria;p__Patescibacteria;c__Microgenomatia;o__UBA1400;f__UBA1396;g__UBA1396;s__UBA1396 sp002305195	97.71	0.922	GCA_002305195.1	95.0	d__Bacteria;p__Patescibacteria;c__Microgenomatia;o__UBA1400;f__UBA1396;g__UBA1396;s__UBA1396 sp002305195	97.71	0.922	d__Bacteria;p__Patescibacteria;c__Microgenomatia;o__UBA1400;f__UBA1396;g__;s__	taxonomic classification defined by topology and ANI	topological placement and ANI have congruent species assignments	N/A	69.59	11	N/A	N/A
VAMB_17	d__Bacteria;p__Bacillota_B;c__Peptococcia;o__DRI-13;f__DRI-13;g__;s__	N/A	N/A	N/A	N/A	N/A	N/A	N/A	N/A	N/A	N/A	d__Bacteria;p__Bacillota_B;c__Peptococcia;o__DRI-13;f__DRI-13;g__;s__	taxonomic novelty determined using RED	classification based on placement in class-level tree	N/A	95.69	11	0.75649	N/A
VAMB_172	d__Bacteria;p__Bacillota_A;c__Clostridia;o__Oscillospirales;f__CAG-272;g__UMGS1002;s__	N/A	N/A	N/A	N/A	N/A	GCA_012727435.1	95.0	d__Bacteria;p__Bacillota_A;c__Clostridia;o__Oscillospirales;f__CAG-272;g__UMGS1002;s__UMGS1002 sp012727435	90.88	0.813	d__Bacteria;p__Bacillota_A;c__Clostridia;o__Oscillospirales;f__CAG-272;g__UMGS1002;s__	taxonomic classification defined by topology and ANI	classification based on placement in class-level tree	GCA_012837425.1, s__UMGS1002 sp012837425, 95.0, 83.31, 0.406	92.1	11	0.98921	Genome not assigned to closest species as it falls outside its pre-defined ANI radius
VAMB_173	d__Bacteria;p__Patescibacteria;c__Microgenomatia;o__UBA1400;f__UBA1396;g__UBA1396;s__UBA1396 sp002305195	GCA_002305195.1	95.0	d__Bacteria;p__Patescibacteria;c__Microgenomatia;o__UBA1400;f__UBA1396;g__UBA1396;s__UBA1396 sp002305195	97.44	0.93	GCA_002305195.1	95.0	d__Bacteria;p__Patescibacteria;c__Microgenomatia;o__UBA1400;f__UBA1396;g__UBA1396;s__UBA1396 sp002305195	97.44	0.93	d__Bacteria;p__Patescibacteria;c__Microgenomatia;o__UBA1400;f__UBA1396;g__;s__	taxonomic classification defined by topology and ANI	topological placement and ANI have congruent species assignments	N/A	68.42	11	N/A	N/A
VAMB_184	d__Bacteria;p__Chloroflexota;c__Anaerolineae;o__UBA1429;f__UBA1429;g__UBA6128;s__	N/A	N/A	N/A	N/A	N/A	N/A	N/A	N/A	N/A	N/A	d__Bacteria;p__Chloroflexota;c__Anaerolineae;o__UBA1429;f__UBA1429;g__UBA6128;s__	taxonomic novelty determined using RED	classification based on placement in class-level tree	N/A	88.5	11	0.92247	N/A
VAMB_185	d__Bacteria;p__Patescibacteria;c__Dojkabacteria;o__SC72;f__SC72;g__UBA5232;s__	N/A	N/A	N/A	N/A	N/A	N/A	N/A	N/A	N/A	N/A	d__Bacteria;p__Patescibacteria;c__Dojkabacteria;o__SC72;f__SC72;g__UBA5232;s__	taxonomic classification fully defined by topology	classification based on placement in class-level tree	N/A	71.66	11	0.91201	N/A
VAMB_196	d__Bacteria;p__Chloroflexota;c__Anaerolineae;o__Anaerolineales;f__Anaerolineaceae;g__T78;s__	N/A	N/A	N/A	N/A	N/A	GCA_002417685.1	95.0	d__Bacteria;p__Chloroflexota;c__Anaerolineae;o__Anaerolineales;f__Anaerolineaceae;g__T78;s__T78 sp002417685	94.26	0.778	d__Bacteria;p__Chloroflexota;c__Anaerolineae;o__Anaerolineales;f__Anaerolineaceae;g__T78;s__	taxonomic classification defined by topology and ANI	classification based on placement in class-level tree	GCA_003499715.1, s__T78 sp003499715, 95.0, 89.65, 0.605; GCA_003445715.1, s__T78 sp003445715, 95.0, 87.77, 0.567	86.63	11	0.99599	Genome not assigned to closest species as it falls outside its pre-defined ANI radius
VAMB_198	d__Bacteria;p__Armatimonadota;c__DTGP01;o__JAKQQT01;f__JAKQQT01;g__JAKQQT01;s__	N/A	N/A	N/A	N/A	N/A	GCA_029564025.1	95.0	d__Bacteria;p__Armatimonadota;c__DTGP01;o__JAKQQT01;f__JAKQQT01;g__JAKQQT01;s__JAKQQT01 sp029564025	91.23	0.758	d__Bacteria;p__Armatimonadota;c__DTGP01;o__JAKQQT01;f__JAKQQT01;g__JAKQQT01;s__	taxonomic classification defined by topology and ANI	classification based on placement in class-level tree	N/A	88.84	11	0.98763	Genome not assigned to closest species as it falls outside its pre-defined ANI radius
VAMB_20	d__Bacteria;p__Planctomycetota;c__Phycisphaerae;o__Sedimentisphaerales;f__SG8-4;g__PLanc-01;s__PLanc-01 sp012744475	GCA_012744475.1	95.0	d__Bacteria;p__Planctomycetota;c__Phycisphaerae;o__Sedimentisphaerales;f__SG8-4;g__PLanc-01;s__PLanc-01 sp012744475	98.28	0.932	GCA_012744475.1	95.0	d__Bacteria;p__Planctomycetota;c__Phycisphaerae;o__Sedimentisphaerales;f__SG8-4;g__PLanc-01;s__PLanc-01 sp012744475	98.28	0.932	d__Bacteria;p__Planctomycetota;c__Phycisphaerae;o__Sedimentisphaerales;f__SG8-4;g__PLanc-01;s__	taxonomic classification defined by topology and ANI	topological placement and ANI have congruent species assignments	GCA_012719085.1, s__PLanc-01 sp012719085, 95.0, 83.63, 0.263; GCA_001603075.1, s__PLanc-01 sp001603075, 95.0, 82.89, 0.27; GCA_030012215.1, s__PLanc-01 sp030012215, 95.0, 81.7, 0.236	84.99	11	N/A	N/A
VAMB_201	d__Bacteria;p__Bacillota_A;c__Clostridia;o__Oscillospirales;f__Acutalibacteraceae;g__Avimonas;s__Avimonas sp012522615	GCA_012522615.1	95.0	d__Bacteria;p__Bacillota_A;c__Clostridia;o__Oscillospirales;f__Acutalibacteraceae;g__Avimonas;s__Avimonas sp012522615	99.67	0.906	GCA_012522615.1	95.0	d__Bacteria;p__Bacillota_A;c__Clostridia;o__Oscillospirales;f__Acutalibacteraceae;g__Avimonas;s__Avimonas sp012522615	99.67	0.906	d__Bacteria;p__Bacillota_A;c__Clostridia;o__Oscillospirales;f__Acutalibacteraceae;g__Avimonas;s__	taxonomic classification defined by topology and ANI	topological placement and ANI have congruent species assignments	N/A	92.35	11	N/A	N/A
VAMB_204	d__Bacteria;p__Patescibacteria;c__Dojkabacteria;o__SC72;f__SC72;g__UBA5209;s__	N/A	N/A	N/A	N/A	N/A	GCA_002840365.1	95.0	d__Bacteria;p__Patescibacteria;c__Dojkabacteria;o__SC72;f__SC72;g__UBA5209;s__UBA5209 sp002840365	87.22	0.722	d__Bacteria;p__Patescibacteria;c__Dojkabacteria;o__SC72;f__SC72;g__UBA5209;s__	taxonomic classification defined by topology and ANI	classification based on placement in class-level tree	N/A	71.98	11	0.97787	Genome not assigned to closest species as it falls outside its pre-defined ANI radius
VAMB_208	d__Bacteria;p__Hydrogenedentota;c__Hydrogenedentia;o__Hydrogenedentiales;f__SLHB01;g__UBA2224;s__UBA2224 sp012719295	GCA_012719295.1	95.0	d__Bacteria;p__Hydrogenedentota;c__Hydrogenedentia;o__Hydrogenedentiales;f__SLHB01;g__UBA2224;s__UBA2224 sp012719295	99.72	0.937	GCA_012719295.1	95.0	d__Bacteria;p__Hydrogenedentota;c__Hydrogenedentia;o__Hydrogenedentiales;f__SLHB01;g__UBA2224;s__UBA2224 sp012719295	99.72	0.937	d__Bacteria;p__Hydrogenedentota;c__Hydrogenedentia;o__Hydrogenedentiales;f__SLHB01;g__UBA2224;s__	taxonomic classification defined by topology and ANI	topological placement and ANI have congruent species assignments	GCA_002348185.1, s__UBA2224 sp002348185, 95.0, 90.93, 0.772	87.9	11	N/A	N/A
VAMB_21	d__Bacteria;p__Armatimonadota;c__UBA5829;o__UBA5829;f__UBA5829;g__DTKD01;s__	N/A	N/A	N/A	N/A	N/A	N/A	N/A	N/A	N/A	N/A	d__Bacteria;p__Armatimonadota;c__UBA5829;o__UBA5829;f__UBA5829;g__DTKD01;s__	taxonomic classification fully defined by topology	classification based on placement in class-level tree	N/A	92.33	11	0.91753	N/A
VAMB_23	d__Bacteria;p__Bacillota_A;c__Clostridia;o__Lachnospirales;f__Lachnospiraceae;g__CAG-791;s__CAG-791 sp900321785	GCA_900321785.1	95.0	d__Bacteria;p__Bacillota_A;c__Clostridia;o__Lachnospirales;f__Lachnospiraceae;g__CAG-791;s__CAG-791 sp900321785	98.8	0.875	GCA_900321785.1	95.0	d__Bacteria;p__Bacillota_A;c__Clostridia;o__Lachnospirales;f__Lachnospiraceae;g__CAG-791;s__CAG-791 sp900321785	98.8	0.875	d__Bacteria;p__Bacillota_A;c__Clostridia;o__Lachnospirales;f__Lachnospiraceae;g__CAG-791;s__	taxonomic classification defined by topology and ANI	topological placement and ANI have congruent species assignments	N/A	94.1	11	N/A	N/A
VAMB_230	d__Bacteria;p__Elusimicrobiota;c__Endomicrobiia;o__Endomicrobiales;f__Endomicrobiaceae;g__Endomicrobium;s__	N/A	N/A	N/A	N/A	N/A	N/A	N/A	N/A	N/A	N/A	d__Bacteria;p__Elusimicrobiota;c__Endomicrobiia;o__Endomicrobiales;f__Endomicrobiaceae;g__Endomicrobium;s__	taxonomic classification fully defined by topology	classification based on placement in class-level tree	N/A	77.74	11	0.83575	N/A
VAMB_233	d__Bacteria;p__Patescibacteria;c__Paceibacteria;o__Moranbacterales;f__GWC2-37-73;g__UBA1362;s__UBA1362 sp002306085	GCA_002306085.1	95.0	d__Bacteria;p__Patescibacteria;c__Paceibacteria;o__Moranbacterales;f__GWC2-37-73;g__UBA1362;s__UBA1362 sp002306085	99.66	0.97	GCA_002306085.1	95.0	d__Bacteria;p__Patescibacteria;c__Paceibacteria;o__Moranbacterales;f__GWC2-37-73;g__UBA1362;s__UBA1362 sp002306085	99.66	0.97	d__Bacteria;p__Patescibacteria;c__Paceibacteria;o__Moranbacterales;f__GWC2-37-73;g__;s__	taxonomic classification defined by topology and ANI	topological placement and ANI have congruent species assignments	N/A	76.46	11	N/A	N/A
VAMB_234	d__Bacteria;p__Chloroflexota;c__Anaerolineae;o__Anaerolineales;f__Anaerolineaceae;g__T78;s__	N/A	N/A	N/A	N/A	N/A	GCA_002305635.1	95.0	d__Bacteria;p__Chloroflexota;c__Anaerolineae;o__Anaerolineales;f__Anaerolineaceae;g__T78;s__T78 sp002305635	85.23	0.408	d__Bacteria;p__Chloroflexota;c__Anaerolineae;o__Anaerolineales;f__Anaerolineaceae;g__T78;s__	taxonomic classification defined by topology and ANI	classification based on placement in class-level tree	N/A	89.77	11	0.99202	N/A
VAMB_24	d__Bacteria;p__Chloroflexota;c__Anaerolineae;o__Anaerolineales;f__Anaerolineaceae;g__Flexilinea;s__Flexilinea sp012799995	GCA_012799995.1	95.0	d__Bacteria;p__Chloroflexota;c__Anaerolineae;o__Anaerolineales;f__Anaerolineaceae;g__Flexilinea;s__Flexilinea sp012799995	97.39	0.906	GCA_012799995.1	95.0	d__Bacteria;p__Chloroflexota;c__Anaerolineae;o__Anaerolineales;f__Anaerolineaceae;g__Flexilinea;s__Flexilinea sp012799995	97.39	0.906	d__Bacteria;p__Chloroflexota;c__Anaerolineae;o__Anaerolineales;f__Anaerolineaceae;g__Flexilinea;s__	taxonomic classification defined by topology and ANI	topological placement and ANI have congruent species assignments	N/A	93.17	11	N/A	N/A
VAMB_245	d__Bacteria;p__Patescibacteria;c__Dojkabacteria;o__SC72;f__SC72;g__;s__	N/A	N/A	N/A	N/A	N/A	N/A	N/A	N/A	N/A	N/A	d__Bacteria;p__Patescibacteria;c__Dojkabacteria;o__SC72;f__SC72;g__;s__	taxonomic novelty determined using RED	classification based on placement in class-level tree	N/A	64.61	11	0.90693	N/A
VAMB_2760	d__Bacteria;p__Bacillota_A;c__Clostridia;o__Lachnospirales;f__Lachnospiraceae;g__UBA3282;s__	N/A	N/A	N/A	N/A	N/A	N/A	N/A	N/A	N/A	N/A	d__Bacteria;p__Bacillota_A;c__Clostridia;o__Lachnospirales;f__Lachnospiraceae;g__UBA3282;s__	taxonomic classification defined by topology and ANI	classification based on placement in class-level tree	GCA_017623295.1, s__UBA3282 sp017623295, 95.0, 87.03, 0.508; GCA_017440375.1, s__UBA3282 sp017440375, 95.0, 84.32, 0.405; GCA_029219245.1, s__UBA3282 sp029219245, 95.0, 80.93, 0.203	93.29	11	0.98062	Genome not assigned to closest species as it falls outside its pre-defined ANI radius
VAMB_28	d__Bacteria;p__Bacillota_B;c__Dehalobacteriia;o__Dehalobacteriales;f__Dehalobacteriaceae;g__DUPU01;s__DUPU01 sp012838175	GCA_012838175.1	95.0	d__Bacteria;p__Bacillota_B;c__Dehalobacteriia;o__Dehalobacteriales;f__Dehalobacteriaceae;g__DUPU01;s__DUPU01 sp012838175	99.79	0.917	GCA_012838175.1	95.0	d__Bacteria;p__Bacillota_B;c__Dehalobacteriia;o__Dehalobacteriales;f__Dehalobacteriaceae;g__DUPU01;s__DUPU01 sp012838175	99.79	0.917	d__Bacteria;p__Bacillota_B;c__Dehalobacteriia;o__Dehalobacteriales;f__Dehalobacteriaceae;g__;s__	taxonomic classification defined by topology and ANI	topological placement and ANI have congruent species assignments	N/A	94.8	11	N/A	N/A
VAMB_281	d__Bacteria;p__Chloroflexota;c__Anaerolineae;o__UBA1429;f__UBA1429;g__JAAYDS01;s__JAAYDS01 sp012729155	GCA_012729155.1	95.0	d__Bacteria;p__Chloroflexota;c__Anaerolineae;o__UBA1429;f__UBA1429;g__JAAYDS01;s__JAAYDS01 sp012729155	99.68	0.923	GCA_012729155.1	95.0	d__Bacteria;p__Chloroflexota;c__Anaerolineae;o__UBA1429;f__UBA1429;g__JAAYDS01;s__JAAYDS01 sp012729155	99.68	0.923	d__Bacteria;p__Chloroflexota;c__Anaerolineae;o__UBA1429;f__UBA1429;g__;s__	taxonomic classification defined by topology and ANI	topological placement and ANI have congruent species assignments	N/A	85.98	11	N/A	N/A
VAMB_283	d__Bacteria;p__Chloroflexota;c__Anaerolineae;o__Anaerolineales;f__Anaerolineaceae;g__T78;s__	N/A	N/A	N/A	N/A	N/A	GCA_002417685.1	95.0	d__Bacteria;p__Chloroflexota;c__Anaerolineae;o__Anaerolineales;f__Anaerolineaceae;g__T78;s__T78 sp002417685	94.33	0.794	d__Bacteria;p__Chloroflexota;c__Anaerolineae;o__Anaerolineales;f__Anaerolineaceae;g__T78;s__	taxonomic classification defined by topology and ANI	classification based on placement in class-level tree	GCA_003499715.1, s__T78 sp003499715, 95.0, 89.79, 0.624; GCA_003445715.1, s__T78 sp003445715, 95.0, 87.94, 0.578	88.32	11	0.99617	Genome not assigned to closest species as it falls outside its pre-defined ANI radius
VAMB_29	d__Bacteria;p__Bacillota_A;c__Clostridia;o__Christensenellales;f__Aristaeellaceae;g__UBA6115;s__	N/A	N/A	N/A	N/A	N/A	GCA_002411105.1	95.0	d__Bacteria;p__Bacillota_A;c__Clostridia;o__Christensenellales;f__Aristaeellaceae;g__UBA6115;s__UBA6115 sp002411105	80.27	0.225	d__Bacteria;p__Bacillota_A;c__Clostridia;o__Christensenellales;f__Aristaeellaceae;g__UBA6115;s__	taxonomic classification defined by topology and ANI	classification based on placement in class-level tree	N/A	93.64	11	0.96582	N/A
VAMB_3	d__Bacteria;p__Acidobacteriota;c__UBA6911;o__UBA6911;f__UBA6911;g__JAAYAM01;s__	N/A	N/A	N/A	N/A	N/A	N/A	N/A	N/A	N/A	N/A	d__Bacteria;p__Acidobacteriota;c__UBA6911;o__UBA6911;f__UBA6911;g__JAAYAM01;s__	taxonomic classification fully defined by topology	classification based on placement in class-level tree	N/A	91.78	11	0.89583	N/A
VAMB_30	d__Bacteria;p__Bacillota_A;c__Thermosediminibacteria;o__Thermosediminibacterales;f__Tepidanaerobacteraceae;g__DUNY01;s__	N/A	N/A	N/A	N/A	N/A	N/A	N/A	N/A	N/A	N/A	d__Bacteria;p__Bacillota_A;c__Thermosediminibacteria;o__Thermosediminibacterales;f__Tepidanaerobacteraceae;g__DUNY01;s__	taxonomic classification fully defined by topology	classification based on placement in class-level tree	N/A	93.13	11	0.93741	N/A
VAMB_31	d__Bacteria;p__Cloacimonadota;c__Cloacimonadia;o__Cloacimonadales;f__Cloacimonadaceae;g__UBA3900;s__UBA3900 sp029781115	GCA_029781115.1	95.0	d__Bacteria;p__Cloacimonadota;c__Cloacimonadia;o__Cloacimonadales;f__Cloacimonadaceae;g__UBA3900;s__UBA3900 sp029781115	97.61	0.891	GCA_029781115.1	95.0	d__Bacteria;p__Cloacimonadota;c__Cloacimonadia;o__Cloacimonadales;f__Cloacimonadaceae;g__UBA3900;s__UBA3900 sp029781115	97.61	0.891	d__Bacteria;p__Cloacimonadota;c__Cloacimonadia;o__Cloacimonadales;f__Cloacimonadaceae;g__UBA3900;s__	taxonomic classification defined by topology and ANI	topological placement and ANI have congruent species assignments	GCA_029561955.1, s__UBA3900 sp029561955, 95.0, 84.67, 0.476; GCA_002391675.1, s__UBA3900 sp002391675, 95.0, 84.64, 0.464	89.24	11	N/A	N/A
VAMB_318	d__Bacteria;p__Bacillota_A;c__Clostridia;o__Lachnospirales;f__Lachnospiraceae;g__UMGS2037;s__UMGS2037 sp945643825	GCA_945643825.1	95.0	d__Bacteria;p__Bacillota_A;c__Clostridia;o__Lachnospirales;f__Lachnospiraceae;g__UMGS2037;s__UMGS2037 sp945643825	98.54	0.91	GCA_945643825.1	95.0	d__Bacteria;p__Bacillota_A;c__Clostridia;o__Lachnospirales;f__Lachnospiraceae;g__UMGS2037;s__UMGS2037 sp945643825	98.54	0.91	d__Bacteria;p__Bacillota_A;c__Clostridia;o__Lachnospirales;f__Lachnospiraceae;g__UMGS2037;s__	taxonomic classification defined by topology and ANI	topological placement and ANI have congruent species assignments	N/A	89.04	11	N/A	N/A
VAMB_319	d__Bacteria;p__Bacillota_A;c__Clostridia;o__Lachnospirales;f__Lachnospiraceae;g__Suilimivivens;s__	N/A	N/A	N/A	N/A	N/A	N/A	N/A	N/A	N/A	N/A	d__Bacteria;p__Bacillota_A;c__Clostridia;o__Lachnospirales;f__Lachnospiraceae;g__Suilimivivens;s__	taxonomic classification fully defined by topology	classification based on placement in class-level tree	N/A	92.21	11	0.9175	N/A
VAMB_32	d__Bacteria;p__Bacillota_G;c__Limnochordia;o__DTU010;f__DTU010;g__DTU010;s__DTU010 sp900018335	GCA_900018335.1	95.0	d__Bacteria;p__Bacillota_G;c__Limnochordia;o__DTU010;f__DTU010;g__DTU010;s__DTU010 sp900018335	99.69	0.987	GCA_900018335.1	95.0	d__Bacteria;p__Bacillota_G;c__Limnochordia;o__DTU010;f__DTU010;g__DTU010;s__DTU010 sp900018335	99.69	0.987	d__Bacteria;p__Bacillota_G;c__Limnochordia;o__DTU010;f__DTU010;g__DTU010;s__	taxonomic classification defined by topology and ANI	topological placement and ANI have congruent species assignments	GCA_002391385.1, s__DTU010 sp002391385, 95.0, 80.82, 0.232; GCA_012521335.1, s__DTU010 sp012521335, 95.0, 79.56, 0.218	94.84	11	N/A	N/A
VAMB_321	d__Bacteria;p__Desulfobacterota;c__Desulfomonilia;o__UBA1062;f__UBA1062;g__UBA1062;s__	N/A	N/A	N/A	N/A	N/A	GCA_002316295.1	95.0	d__Bacteria;p__Desulfobacterota;c__Desulfomonilia;o__UBA1062;f__UBA1062;g__UBA1062;s__UBA1062 sp002316295	N/A	N/A	d__Bacteria;p__Desulfobacterota;c__Desulfomonilia;o__UBA1062;f__UBA1062;g__UBA1062;s__	taxonomic classification defined by topology and ANI	classification based on placement in class-level tree	GCA_001896555.1, s__UBA1062 sp001896555, 95.0, 80.1, 0.15; GCA_018433775.1, s__UBA1062 sp018433775, 95.0, 79.68, 0.166; GCA_018436855.1, s__UBA1062 sp018436855, 95.0, 79.65, 0.168	86.45	11	0.94207	N/A
VAMB_324	d__Bacteria;p__Bacillota_A;c__Clostridia;o__Monoglobales;f__Firm-18;g__Firm-18;s__Firm-18 sp001604215	GCA_001604215.1	95.0	d__Bacteria;p__Bacillota_A;c__Clostridia;o__Monoglobales;f__Firm-18;g__Firm-18;s__Firm-18 sp001604215	99.29	0.676	GCA_001604215.1	95.0	d__Bacteria;p__Bacillota_A;c__Clostridia;o__Monoglobales;f__Firm-18;g__Firm-18;s__Firm-18 sp001604215	99.29	0.676	d__Bacteria;p__Bacillota_A;c__Clostridia;o__Monoglobales;f__Firm-18;g__;s__	taxonomic classification defined by topology and ANI	topological placement and ANI have congruent species assignments	N/A	85.98	11	N/A	N/A
VAMB_334	d__Bacteria;p__Bacillota_A;c__Clostridia;o__Christensenellales;f__UBA1431;g__UBA1431;s__UBA1431 sp002329665	GCA_002329665.1	95.0	d__Bacteria;p__Bacillota_A;c__Clostridia;o__Christensenellales;f__UBA1431;g__UBA1431;s__UBA1431 sp002329665	98.74	0.912	GCA_002329665.1	95.0	d__Bacteria;p__Bacillota_A;c__Clostridia;o__Christensenellales;f__UBA1431;g__UBA1431;s__UBA1431 sp002329665	98.74	0.912	d__Bacteria;p__Bacillota_A;c__Clostridia;o__Christensenellales;f__;g__;s__	taxonomic classification defined by topology and ANI	topological placement and ANI have congruent species assignments	N/A	88.56	11	N/A	N/A
VAMB_34	d__Bacteria;p__Bacillota_A;c__Clostridia;o__Lachnospirales;f__Lachnospiraceae;g__UBA1258;s__UBA1258 sp946534145	GCA_946534145.1	95.0	d__Bacteria;p__Bacillota_A;c__Clostridia;o__Lachnospirales;f__Lachnospiraceae;g__UBA1258;s__UBA1258 sp946534145	97.95	0.864	GCA_946534145.1	95.0	d__Bacteria;p__Bacillota_A;c__Clostridia;o__Lachnospirales;f__Lachnospiraceae;g__UBA1258;s__UBA1258 sp946534145	97.95	0.864	d__Bacteria;p__Bacillota_A;c__Clostridia;o__Lachnospirales;f__Lachnospiraceae;g__UBA1258;s__	taxonomic classification defined by topology and ANI	topological placement and ANI have congruent species assignments	GCA_017544835.1, s__UBA1258 sp017544835, 95.0, 83.64, 0.286; GCA_900100895.1, s__UBA1258 sp900100895, 95.0, 82.52, 0.266; GCA_017553505.1, s__UBA1258 sp017553505, 95.0, 81.72, 0.246	89.37	11	N/A	N/A
VAMB_345	d__Bacteria;p__Bacillota_A;c__Clostridia;o__TANB77;f__CAG-508;g__CAG-269;s__CAG-269 sp017430135	GCA_017430135.1	95.0	d__Bacteria;p__Bacillota_A;c__Clostridia;o__TANB77;f__CAG-508;g__CAG-269;s__CAG-269 sp017430135	97.81	0.764	GCA_017430135.1	95.0	d__Bacteria;p__Bacillota_A;c__Clostridia;o__TANB77;f__CAG-508;g__CAG-269;s__CAG-269 sp017430135	97.81	0.764	d__Bacteria;p__Bacillota_A;c__Clostridia;o__TANB77;f__CAG-508;g__CAG-269;s__	taxonomic classification defined by topology and ANI	topological placement and ANI have congruent species assignments	GCA_946639585.1, s__CAG-269 sp946639585, 95.0, 87.83, 0.468; GCA_017613275.1, s__CAG-269 sp017613275, 95.0, 85.05, 0.41	89.29	11	N/A	N/A
VAMB_35	d__Bacteria;p__Actinomycetota;c__Thermoleophilia;o__RBG-16-64-13;f__RBG-16-64-13;g__RBG-16-64-13;s__	N/A	N/A	N/A	N/A	N/A	N/A	N/A	N/A	N/A	N/A	d__Bacteria;p__Actinomycetota;c__Thermoleophilia;o__RBG-16-64-13;f__RBG-16-64-13;g__RBG-16-64-13;s__	taxonomic classification fully defined by topology	classification based on placement in class-level tree	N/A	89.59	11	0.93874	N/A
VAMB_38	d__Bacteria;p__Pseudomonadota;c__Gammaproteobacteria;o__Pseudomonadales;f__Moraxellaceae;g__Acinetobacter;s__Acinetobacter indicus	GCF_000488255.1	95.0	d__Bacteria;p__Pseudomonadota;c__Gammaproteobacteria;o__Pseudomonadales;f__Moraxellaceae;g__Acinetobacter;s__Acinetobacter indicus	97.86	0.873	GCF_000488255.1	95.0	d__Bacteria;p__Pseudomonadota;c__Gammaproteobacteria;o__Pseudomonadales;f__Moraxellaceae;g__Acinetobacter;s__Acinetobacter indicus	97.86	0.873	d__Bacteria;p__Pseudomonadota;c__Gammaproteobacteria;o__Pseudomonadales;f__Moraxellaceae;g__Acinetobacter;s__	taxonomic classification defined by topology and ANI	topological placement and ANI have congruent species assignments	GCF_000368785.1, s__Acinetobacter towneri, 95.0, 82.37, 0.195; GCF_001758345.1, s__Acinetobacter towneri_A, 95.0, 82.13, 0.167; GCF_011058205.1, s__Acinetobacter fasciculus, 96.28, 82.02, 0.199; GCF_029024105.1, s__Acinetobacter lwoffii, 96.35, 81.82, 0.209; GCF_019343495.1, s__Acinetobacter lwoffii_P, 96.33, 81.8, 0.214; GCF_012371325.1, s__Acinetobacter sp012371325, 95.0, 81.62, 0.197; GCF_015602705.1, s__Acinetobacter lwoffii_E, 95.69, 81.54, 0.212; GCF_013417155.1, s__Acinetobacter sp013417155, 96.33, 81.53, 0.208; GCF_013343215.1, s__Acinetobacter lwoffii_C, 95.0, 81.51, 0.166; GCF_019048525.1, s__Acinetobacter lwoffii_K, 96.35, 81.33, 0.197; GCF_024129735.1, s__Acinetobacter lwoffii_H, 96.17, 81.28, 0.204; GCF_014769185.1, s__Acinetobacter lwoffii_D, 96.38, 81.27, 0.194; GCF_000368625.1, s__Acinetobacter schindleri, 95.0, 81.23, 0.167; GCF_000369625.1, s__Acinetobacter variabilis, 95.0, 81.18, 0.203; GCF_024129435.1, s__Acinetobacter lwoffii_F, 96.07, 81.13, 0.193; GCF_022809915.1, s__Acinetobacter lwoffii_M, 96.22, 81.11, 0.199; GCF_002296655.1, s__Acinetobacter sp002296655, 95.0, 81.1, 0.169; GCF_024129595.1, s__Acinetobacter lwoffii_O, 96.45, 81.05, 0.185; GCF_024129855.1, s__Acinetobacter lwoffii_L, 96.51, 81.01, 0.199; GCF_002321025.1, s__Acinetobacter lwoffii_J, 95.0, 81.0, 0.195; GCF_000773685.1, s__Acinetobacter sp000773685, 95.0, 81.0, 0.17; GCF_002803605.1, s__Acinetobacter pseudolwoffii, 95.0, 80.96, 0.215; GCF_016599715.1, s__Acinetobacter sp002135245, 95.0, 80.94, 0.162; GCF_019038395.1, s__Acinetobacter sp019038395, 95.0, 80.93, 0.171; GCA_000761495.1, s__Acinetobacter idrijaensis, 95.91, 80.88, 0.193; GCA_013530545.1, s__Acinetobacter lwoffii_G, 96.18, 80.88, 0.18; GCF_022700675.1, s__Acinetobacter sp022700675, 95.0, 80.79, 0.188; GCA_002332985.1, s__Acinetobacter lwoffii_N, 96.55, 80.66, 0.197; GCF_013417555.1, s__Acinetobacter sp013417555, 95.0, 80.66, 0.192; GCF_900096895.1, s__Acinetobacter kookii, 95.0, 80.66, 0.179; GCF_024129355.1, s__Acinetobacter lwoffii_I, 96.07, 80.63, 0.199; GCF_002688565.1, s__Acinetobacter sp002688565, 95.0, 80.59, 0.161; GCF_022967985.1, s__Acinetobacter sp002367455, 96.56, 80.58, 0.192; GCF_902753875.1, s__Acinetobacter bouvetii_A, 95.0, 80.27, 0.164; GCF_002135315.1, s__Acinetobacter sp002135315, 95.0, 80.21, 0.155; GCF_014837015.1, s__Acinetobacter pecorum, 95.0, 80.13, 0.177; GCF_002135355.1, s__Acinetobacter sp002135355, 95.0, 79.94, 0.158	98.75	11	N/A	N/A
VAMB_39	d__Bacteria;p__Bacillota_B;c__Moorellia;o__DTU086;f__DTU086;g__DTU086;s__	N/A	N/A	N/A	N/A	N/A	N/A	N/A	N/A	N/A	N/A	d__Bacteria;p__Bacillota_B;c__Moorellia;o__DTU086;f__DTU086;g__DTU086;s__	taxonomic novelty determined using RED	classification based on placement in class-level tree	N/A	96.31	11	0.86061	N/A
VAMB_47	d__Bacteria;p__Bacillota_A;c__Clostridia;o__Christensenellales;f__UMGS416;g__JAAYXU01;s__	N/A	N/A	N/A	N/A	N/A	GCA_012515725.1	95.0	d__Bacteria;p__Bacillota_A;c__Clostridia;o__Christensenellales;f__UMGS416;g__JAAYXU01;s__JAAYXU01 sp012515725	91.07	0.766	d__Bacteria;p__Bacillota_A;c__Clostridia;o__Christensenellales;f__UMGS416;g__JAAYXU01;s__	taxonomic classification defined by topology and ANI	classification based on placement in class-level tree	N/A	91.0	11	0.95672	Genome not assigned to closest species as it falls outside its pre-defined ANI radius
VAMB_48	d__Bacteria;p__Bacillota_A;c__Clostridia;o__Oscillospirales;f__Acutalibacteraceae;g__RGIG2893;s__RGIG2893 sp012839185	GCA_012839185.1	95.0	d__Bacteria;p__Bacillota_A;c__Clostridia;o__Oscillospirales;f__Acutalibacteraceae;g__RGIG2893;s__RGIG2893 sp012839185	97.61	0.93	GCA_012839185.1	95.0	d__Bacteria;p__Bacillota_A;c__Clostridia;o__Oscillospirales;f__Acutalibacteraceae;g__RGIG2893;s__RGIG2893 sp012839185	97.61	0.93	d__Bacteria;p__Bacillota_A;c__Clostridia;o__Oscillospirales;f__Acutalibacteraceae;g__RGIG2893;s__	taxonomic classification defined by topology and ANI	topological placement and ANI have congruent species assignments	N/A	95.19	11	N/A	N/A
VAMB_5	d__Bacteria;p__Armatimonadota;c__UBA5377;o__UBA1398;f__UBA1398;g__UBA1398;s__UBA1398 sp002305165	GCA_002305165.1	95.0	d__Bacteria;p__Armatimonadota;c__UBA5377;o__UBA1398;f__UBA1398;g__UBA1398;s__UBA1398 sp002305165	98.96	0.944	GCA_002305165.1	95.0	d__Bacteria;p__Armatimonadota;c__UBA5377;o__UBA1398;f__UBA1398;g__UBA1398;s__UBA1398 sp002305165	98.96	0.944	d__Bacteria;p__Armatimonadota;c__UBA5377;o__UBA1398;f__UBA1398;g__UBA1398;s__	taxonomic classification defined by topology and ANI	topological placement and ANI have congruent species assignments	N/A	86.16	11	N/A	N/A
VAMB_535	d__Bacteria;p__Patescibacteria;c__ABY1;o__BM507;f__UBA12465;g__JAEZRQ01;s__	N/A	N/A	N/A	N/A	N/A	N/A	N/A	N/A	N/A	N/A	d__Bacteria;p__Patescibacteria;c__ABY1;o__BM507;f__UBA12465;g__JAEZRQ01;s__	taxonomic classification fully defined by topology	classification based on placement in class-level tree	N/A	67.45	11	0.9711	N/A
VAMB_55	d__Bacteria;p__Bacillota_A;c__Clostridia;o__Oscillospirales;f__Oscillospiraceae;g__Limivicinus;s__	N/A	N/A	N/A	N/A	N/A	N/A	N/A	N/A	N/A	N/A	d__Bacteria;p__Bacillota_A;c__Clostridia;o__Oscillospirales;f__Oscillospiraceae;g__Limivicinus;s__	taxonomic classification fully defined by topology	classification based on placement in class-level tree	N/A	95.65	11	0.94643	N/A
VAMB_56	d__Bacteria;p__Bacillota_E;c__DTU015;o__DTU015;f__DTU015;g__;s__	N/A	N/A	N/A	N/A	N/A	N/A	N/A	N/A	N/A	N/A	d__Bacteria;p__Bacillota_E;c__DTU015;o__DTU015;f__DTU015;g__;s__	taxonomic novelty determined using RED	classification based on placement in class-level tree	N/A	90.19	11	0.88238	N/A
VAMB_57	d__Bacteria;p__Verrucomicrobiota;c__Verrucomicrobiae;o__Limisphaerales;f__UBA1412;g__UBA1412;s__	N/A	N/A	N/A	N/A	N/A	N/A	N/A	N/A	N/A	N/A	d__Bacteria;p__Verrucomicrobiota;c__Verrucomicrobiae;o__Limisphaerales;f__UBA1412;g__UBA1412;s__	taxonomic classification defined by topology and ANI	classification based on placement in class-level tree	GCA_002305615.1, s__UBA1412 sp002305615, 95.0, 89.34, 0.718; GCA_023230105.1, s__UBA1412 sp023230105, 95.0, 87.91, 0.701; GCA_019136955.1, s__UBA1412 sp019136955, 95.0, 82.34, 0.164	85.14	11	0.97335	Genome not assigned to closest species as it falls outside its pre-defined ANI radius
VAMB_59	d__Bacteria;p__Bacteroidota;c__Bacteroidia;o__Bacteroidales;f__UBA932;g__DMER64;s__	N/A	N/A	N/A	N/A	N/A	GCA_012839605.1	95.0	d__Bacteria;p__Bacteroidota;c__Bacteroidia;o__Bacteroidales;f__UBA932;g__DMER64;s__DMER64 sp012839605	81.69	0.338	d__Bacteria;p__Bacteroidota;c__Bacteroidia;o__Bacteroidales;f__UBA932;g__DMER64;s__	taxonomic classification defined by topology and ANI	classification based on placement in class-level tree	N/A	94.32	11	0.97925	N/A
VAMB_60	d__Bacteria;p__Spirochaetota;c__Spirochaetia;o__Sphaerochaetales;f__Sphaerochaetaceae;g__UBA9732;s__UBA9732 sp003456855	GCA_946626785.1	95.0	d__Bacteria;p__Spirochaetota;c__Spirochaetia;o__Sphaerochaetales;f__Sphaerochaetaceae;g__UBA9732;s__UBA9732 sp003456855	98.36	0.759	GCA_946626785.1	95.0	d__Bacteria;p__Spirochaetota;c__Spirochaetia;o__Sphaerochaetales;f__Sphaerochaetaceae;g__UBA9732;s__UBA9732 sp003456855	98.36	0.759	d__Bacteria;p__Spirochaetota;c__Spirochaetia;o__Sphaerochaetales;f__Sphaerochaetaceae;g__UBA9732;s__	taxonomic classification defined by topology and ANI	topological placement and ANI have congruent species assignments	GCA_017475725.1, s__UBA9732 sp017475725, 95.0, 86.56, 0.377	87.29	11	N/A	N/A
VAMB_618	d__Bacteria;p__Bacillota_A;c__Clostridia;o__Christensenellales;f__UBA1431;g__;s__	N/A	N/A	N/A	N/A	N/A	N/A	N/A	N/A	N/A	N/A	d__Bacteria;p__Bacillota_A;c__Clostridia;o__Christensenellales;f__UBA1431;g__;s__	taxonomic novelty determined using RED	classification based on placement in class-level tree	N/A	95.17	11	0.71697	N/A
VAMB_635	d__Bacteria;p__Patescibacteria;c__Microgenomatia;o__UBA1400;f__PJMF01;g__UBA1370;s__UBA1370 sp002306315	GCA_002306315.1	95.0	d__Bacteria;p__Patescibacteria;c__Microgenomatia;o__UBA1400;f__PJMF01;g__UBA1370;s__UBA1370 sp002306315	98.76	0.82	GCA_002306315.1	95.0	d__Bacteria;p__Patescibacteria;c__Microgenomatia;o__UBA1400;f__PJMF01;g__UBA1370;s__UBA1370 sp002306315	98.76	0.82	d__Bacteria;p__Patescibacteria;c__Microgenomatia;o__UBA1400;f__PJMF01;g__;s__	taxonomic classification defined by topology and ANI	topological placement and ANI have congruent species assignments	N/A	62.22	11	N/A	N/A
VAMB_64	d__Bacteria;p__Spirochaetota;c__Spirochaetia;o__Treponematales;f__Rectinemataceae;g__UBA2256;s__UBA2256 sp001603165	GCA_001603165.1	95.0	d__Bacteria;p__Spirochaetota;c__Spirochaetia;o__Treponematales;f__Rectinemataceae;g__UBA2256;s__UBA2256 sp001603165	99.55	0.896	GCA_001603165.1	95.0	d__Bacteria;p__Spirochaetota;c__Spirochaetia;o__Treponematales;f__Rectinemataceae;g__UBA2256;s__UBA2256 sp001603165	99.55	0.896	d__Bacteria;p__Spirochaetota;c__Spirochaetia;o__Treponematales;f__Rectinemataceae;g__UBA2256;s__	taxonomic classification defined by topology and ANI	topological placement and ANI have congruent species assignments	GCA_023421875.1, s__UBA2256 sp023421875, 95.0, 82.55, 0.2; GCA_002383375.1, s__UBA2256 sp002383375, 95.0, 80.92, 0.247; GCA_002428725.1, s__UBA2256 sp002428725, 95.0, 79.96, 0.153	85.78	11	N/A	N/A
VAMB_66	d__Bacteria;p__Bacillota_A;c__Clostridia;o__Oscillospirales;f__Oscillospiraceae;g__Faecousia;s__Faecousia sp902795095	GCA_902795095.1	95.0	d__Bacteria;p__Bacillota_A;c__Clostridia;o__Oscillospirales;f__Oscillospiraceae;g__Faecousia;s__Faecousia sp902795095	98.58	0.827	GCA_902795095.1	95.0	d__Bacteria;p__Bacillota_A;c__Clostridia;o__Oscillospirales;f__Oscillospiraceae;g__Faecousia;s__Faecousia sp902795095	98.58	0.827	d__Bacteria;p__Bacillota_A;c__Clostridia;o__Oscillospirales;f__Oscillospiraceae;g__Faecousia;s__	taxonomic classification defined by topology and ANI	topological placement and ANI have congruent species assignments	GCA_015068455.1, s__Faecousia sp015068455, 95.0, 88.7, 0.543	94.22	11	N/A	N/A
VAMB_67	d__Bacteria;p__Cloacimonadota;c__Cloacimonadia;o__Cloacimonadales;f__Cloacimonadaceae;g__UBA3900;s__UBA3900 sp002391675	GCA_002391675.1	95.0	d__Bacteria;p__Cloacimonadota;c__Cloacimonadia;o__Cloacimonadales;f__Cloacimonadaceae;g__UBA3900;s__UBA3900 sp002391675	97.34	0.88	GCA_002391675.1	95.0	d__Bacteria;p__Cloacimonadota;c__Cloacimonadia;o__Cloacimonadales;f__Cloacimonadaceae;g__UBA3900;s__UBA3900 sp002391675	97.34	0.88	d__Bacteria;p__Cloacimonadota;c__Cloacimonadia;o__Cloacimonadales;f__Cloacimonadaceae;g__UBA3900;s__	taxonomic classification defined by topology and ANI	topological placement and ANI have congruent species assignments	GCA_029561955.1, s__UBA3900 sp029561955, 95.0, 85.41, 0.546; GCA_029781115.1, s__UBA3900 sp029781115, 95.0, 84.85, 0.509	89.63	11	N/A	N/A
VAMB_73	d__Bacteria;p__Actinomycetota;c__Coriobacteriia;o__Coriobacteriales;f__Atopobiaceae;g__RUG721;s__RUG721 sp029546925	GCA_029546925.1	95.0	d__Bacteria;p__Actinomycetota;c__Coriobacteriia;o__Coriobacteriales;f__Atopobiaceae;g__RUG721;s__RUG721 sp029546925	98.56	0.855	GCA_029546925.1	95.0	d__Bacteria;p__Actinomycetota;c__Coriobacteriia;o__Coriobacteriales;f__Atopobiaceae;g__RUG721;s__RUG721 sp029546925	98.56	0.855	d__Bacteria;p__Actinomycetota;c__Coriobacteriia;o__Coriobacteriales;f__Atopobiaceae;g__RUG721;s__	taxonomic classification defined by topology and ANI	topological placement and ANI have congruent species assignments	GCA_004010535.1, s__RUG721 sp004010535, 95.0, 88.12, 0.605; GCA_902795065.1, s__RUG721 sp900321745, 95.0, 80.89, 0.181	92.81	11	N/A	N/A
VAMB_74	d__Bacteria;p__Actinomycetota;c__Coriobacteriia;o__Coriobacteriales;f__Atopobiaceae;g__RUG721;s__	N/A	N/A	N/A	N/A	N/A	GCA_004010535.1	95.0	d__Bacteria;p__Actinomycetota;c__Coriobacteriia;o__Coriobacteriales;f__Atopobiaceae;g__RUG721;s__RUG721 sp004010535	89.9	0.662	d__Bacteria;p__Actinomycetota;c__Coriobacteriia;o__Coriobacteriales;f__Atopobiaceae;g__RUG721;s__	taxonomic classification defined by topology and ANI	classification based on placement in class-level tree	GCA_029546925.1, s__RUG721 sp029546925, 95.0, 88.57, 0.621; GCA_902795065.1, s__RUG721 sp900321745, 95.0, 82.28, 0.244	93.45	11	0.98264	Genome not assigned to closest species as it falls outside its pre-defined ANI radius
VAMB_761	d__Bacteria;p__Bacteroidota;c__Bacteroidia;o__Bacteroidales;f__TTA-H9;g__TTA-H9;s__TTA-H9 sp002071415	GCA_002071415.1	95.0	d__Bacteria;p__Bacteroidota;c__Bacteroidia;o__Bacteroidales;f__TTA-H9;g__TTA-H9;s__TTA-H9 sp002071415	99.7	0.929	GCA_002071415.1	95.0	d__Bacteria;p__Bacteroidota;c__Bacteroidia;o__Bacteroidales;f__TTA-H9;g__TTA-H9;s__TTA-H9 sp002071415	99.7	0.929	d__Bacteria;p__Bacteroidota;c__Bacteroidia;o__Bacteroidales;f__TTA-H9;g__TTA-H9;s__	taxonomic classification defined by topology and ANI	topological placement and ANI have congruent species assignments	GCA_002418865.1, s__TTA-H9 sp002418865, 95.0, 80.87, 0.222	96.29	11	N/A	N/A
VAMB_79	d__Bacteria;p__Bacillota_A;c__Clostridia;o__Oscillospirales;f__Acutalibacteraceae;g__UBA737;s__UBA737 sp002371985	GCA_946616195.1	95.0	d__Bacteria;p__Bacillota_A;c__Clostridia;o__Oscillospirales;f__Acutalibacteraceae;g__UBA737;s__UBA737 sp002371985	97.63	0.743	GCA_946616195.1	95.0	d__Bacteria;p__Bacillota_A;c__Clostridia;o__Oscillospirales;f__Acutalibacteraceae;g__UBA737;s__UBA737 sp002371985	97.63	0.743	d__Bacteria;p__Bacillota_A;c__Clostridia;o__Oscillospirales;f__Acutalibacteraceae;g__UBA737;s__	taxonomic classification defined by topology and ANI	topological placement and ANI have congruent species assignments	N/A	94.8	11	N/A	N/A
VAMB_8	d__Bacteria;p__Bacteroidota;c__Bacteroidia;o__Bacteroidales;f__Dysgonomonadaceae;g__Proteiniphilum;s__	N/A	N/A	N/A	N/A	N/A	N/A	N/A	N/A	N/A	N/A	d__Bacteria;p__Bacteroidota;c__Bacteroidia;o__Bacteroidales;f__Dysgonomonadaceae;g__Proteiniphilum;s__	taxonomic classification defined by topology and ANI	classification based on placement in class-level tree	GCA_012839475.1, s__Proteiniphilum sp012839475, 95.0, 87.51, 0.441; GCA_012838585.1, s__Proteiniphilum sp012838585, 95.0, 86.88, 0.408; GCA_023622765.1, s__Proteiniphilum sp019136875, 95.0, 86.5, 0.414	96.05	11	0.99177	N/A
VAMB_86	d__Bacteria;p__Synergistota;c__Synergistia;o__Synergistales;f__Thermosynergistaceae;g__Thermosynergistes;s__Thermosynergistes sp001508935	GCA_001508935.1	95.0	d__Bacteria;p__Synergistota;c__Synergistia;o__Synergistales;f__Thermosynergistaceae;g__Thermosynergistes;s__Thermosynergistes sp001508935	95.84	0.893	GCA_001508935.1	95.0	d__Bacteria;p__Synergistota;c__Synergistia;o__Synergistales;f__Thermosynergistaceae;g__Thermosynergistes;s__Thermosynergistes sp001508935	95.84	0.893	d__Bacteria;p__Synergistota;c__Synergistia;o__Synergistales;f__Thermosynergistaceae;g__Thermosynergistes;s__	taxonomic classification defined by topology and ANI	topological placement and ANI have congruent species assignments	GCF_016125955.1, s__Thermosynergistes pyruvativorans, 95.0, 89.84, 0.725	93.31	11	N/A	N/A
VAMB_9	d__Bacteria;p__Bacteroidota;c__Bacteroidia;o__Bacteroidales;f__Dysgonomonadaceae;g__Proteiniphilum;s__	N/A	N/A	N/A	N/A	N/A	N/A	N/A	N/A	N/A	N/A	d__Bacteria;p__Bacteroidota;c__Bacteroidia;o__Bacteroidales;f__Dysgonomonadaceae;g__Proteiniphilum;s__	taxonomic classification defined by topology and ANI	classification based on placement in class-level tree	GCA_012839475.1, s__Proteiniphilum sp012839475, 95.0, 87.7, 0.447; GCA_012838585.1, s__Proteiniphilum sp012838585, 95.0, 86.89, 0.411; GCA_023622765.1, s__Proteiniphilum sp019136875, 95.0, 86.51, 0.417	97.7	11	0.99178	N/A
VAMB_93	d__Bacteria;p__Bacteroidota;c__Bacteroidia;o__Bacteroidales;f__Bacteroidaceae;g__UBA4334;s__UBA4334 sp012729225	GCA_012729225.1	95.0	d__Bacteria;p__Bacteroidota;c__Bacteroidia;o__Bacteroidales;f__Bacteroidaceae;g__UBA4334;s__UBA4334 sp012729225	99.88	0.813	GCA_012729225.1	95.0	d__Bacteria;p__Bacteroidota;c__Bacteroidia;o__Bacteroidales;f__Bacteroidaceae;g__UBA4334;s__UBA4334 sp012729225	99.88	0.813	d__Bacteria;p__Bacteroidota;c__Bacteroidia;o__Bacteroidales;f__Bacteroidaceae;g__UBA4334;s__	taxonomic classification defined by topology and ANI	topological placement and ANI have congruent species assignments	N/A	96.03	11	N/A	N/A
VAMB_98	d__Bacteria;p__Planctomycetota;c__Phycisphaerae;o__Sedimentisphaerales;f__Anaerohalosphaeraceae;g__JAHDQI01;s__JAHDQI01 sp937868095	GCA_937868095.1	95.0	d__Bacteria;p__Planctomycetota;c__Phycisphaerae;o__Sedimentisphaerales;f__Anaerohalosphaeraceae;g__JAHDQI01;s__JAHDQI01 sp937868095	96.07	0.849	GCA_937868095.1	95.0	d__Bacteria;p__Planctomycetota;c__Phycisphaerae;o__Sedimentisphaerales;f__Anaerohalosphaeraceae;g__JAHDQI01;s__JAHDQI01 sp937868095	96.07	0.849	d__Bacteria;p__Planctomycetota;c__Phycisphaerae;o__Sedimentisphaerales;f__Anaerohalosphaeraceae;g__JAHDQI01;s__	taxonomic classification defined by topology and ANI	topological placement and ANI have congruent species assignments	N/A	81.17	11	N/A	N/A
VAMB_99	d__Bacteria;p__Bacillota_A;c__Clostridia;o__Saccharofermentanales;f__UBA5734;g__;s__	N/A	N/A	N/A	N/A	N/A	N/A	N/A	N/A	N/A	N/A	d__Bacteria;p__Bacillota_A;c__Clostridia;o__Saccharofermentanales;f__UBA5734;g__;s__	taxonomic classification fully defined by topology	classification based on placement in class-level tree	N/A	95.71	11	0.76499	N/A
